deal_id,origination_date,asset_type,loan_amount,requested_ltv,requested_rate,requested_term_months,credit_score,occupancy,location_score,noi,dscr,cap_rate,default
DEAL-00000,2020-11-09,retail,429690167658.90985,75.83928185325964,9.452611934098197,60,753,100.0,48.135884815067385,43315326086.9867,0.5,7.645050948162457,0
DEAL-00001,2020-03-24,mixed_use,1466444876736.7559,66.40707909212941,9.842266795090278,24,676,72.66895325267377,74.06556701143188,179663263174.44507,0.5,8.135943407654711,1
DEAL-00002,2022-11-09,industrial,699243263800.9904,75.9065483069231,7.54800622359865,84,761,100.0,59.964930656802736,75463177972.3637,0.5854345796780793,8.191926416302856,0
DEAL-00003,2024-06-30,office,206053677141.16388,81.08703580582907,6.369873194480725,36,732,94.25592486089442,55.63742075026689,8218378222.102062,0.5,3.23412781760208,0
DEAL-00004,2020-11-15,multifamily,159322092304.6192,78.20482181197364,8.189958214408675,84,696,83.49590302623702,71.49887758325862,11521646851.186773,0.5,5.655514096907355,0
DEAL-00005,2020-01-13,multifamily,484537566630.0029,75.07274031107298,6.483426945371841,120,763,95.87191381934853,82.98629099514385,19989779458.105232,0.5,3.0971541227883637,0
DEAL-00006,2023-12-20,multifamily,113689728993.6373,80.66674689589154,10.520080871289935,48,765,100.0,57.46007737605575,6838402079.160334,0.5,4.852079907084987,0
DEAL-00007,2020-05-18,mhp,1414917692735.3018,81.69295590445672,7.704802996624106,48,723,90.9147751304295,89.11582130997579,41632852700.03145,0.5,2.4037516933055127,0
DEAL-00008,2022-01-14,office,839840274709.0693,83.82158991037527,6.952017673031837,48,741,75.88063692684126,55.15579061495776,66883361857.49699,0.5,6.675399951959229,1
DEAL-00009,2023-05-06,industrial,224599565182.84143,76.48709887589642,7.777020458797363,84,668,87.64922370922315,66.34145168011806,18584606883.718216,0.5,6.328964453370261,0
DEAL-00010,2021-03-02,multifamily,83025849971.81725,68.32881919683146,5.479310565705456,60,782,98.31516042433711,75.79461822671301,6502080574.452095,0.5,5.351098340164851,0
DEAL-00011,2020-05-31,mixed_use,965607587302.1292,71.46713686433323,6.042578942234023,36,675,93.973317873819,64.18151186973913,65033213871.36229,0.5,4.8132778341745475,0
DEAL-00012,2023-10-18,industrial,298278541159.67505,82.06508966508358,9.300620861916638,48,684,88.74794375331702,43.35996491592195,23520044845.14211,0.5,6.4710474365305055,1
DEAL-00013,2023-02-08,multifamily,879991877752.1774,61.83064329012764,6.514658581542906,120,723,100.0,83.91111237683208,63801478440.45096,0.5317484163560379,4.482866892943355,0
DEAL-00014,2024-11-14,multifamily,91296960982.84933,73.68673308872901,5.92963352597709,120,775,95.91444672665837,60.64803489465959,5427766074.98572,0.5,4.3808068278490095,0
DEAL-00015,2021-09-11,multifamily,202382528017.0612,66.0666118767264,8.30497912879093,48,775,96.53071324750675,81.17347674090539,12854800601.43988,0.5,4.196375697097936,0
DEAL-00016,2020-04-21,multifamily,328275957268.791,70.28744822934817,9.278556231994495,48,719,86.71492246415359,51.037837974585074,26594814233.54689,0.5,5.694238603892026,0
DEAL-00017,2023-08-14,retail,339421976941.4222,82.78451862607298,8.5784299659976,36,758,85.94093054603121,53.59845126855382,21019145981.26749,0.5,5.1265386457008555,1
DEAL-00018,2022-07-28,retail,228059657593.52954,71.91099068019903,8.994071528708725,48,635,76.40032223453584,82.93650114333036,17200627435.020233,0.5,5.423642972304495,1
DEAL-00019,2021-01-18,multifamily,538043587157.6922,70.46436548156149,6.364807367145809,36,684,87.92486595250195,75.10762139113035,51790650031.97917,0.5,6.782713110028098,0
DEAL-00020,2023-11-08,office,139151502347.464,56.40143859020081,5.367283999887235,120,685,97.48313643038503,63.42121433972985,18367887320.579628,1.0197413185626447,7.444944907289249,0
DEAL-00021,2021-01-01,multifamily,291708798718.62506,77.46253566027221,9.75200047793323,48,782,88.3672536238753,75.32547397256256,30788171120.04942,0.5,8.175721177343828,0
DEAL-00022,2021-04-14,multifamily,359925164478.89453,76.45484181141076,7.015980241736797,84,752,93.56431077223205,55.68941296683463,28670757174.674633,0.5,6.090205466952439,0
DEAL-00023,2020-06-15,retail,493345971304.38446,91.6325472330546,7.123750475317429,84,729,98.88959485322624,71.65388676233364,35110868900.888794,0.5,6.521383653844154,1
DEAL-00024,2021-12-19,retail,577640400441.3076,66.92221765046999,9.492291212773587,120,734,92.98266393438905,71.92830885085098,54234161061.97777,0.6048528165883313,6.283269535696371,0
DEAL-00025,2022-01-24,industrial,132946388710.18163,72.1915032766394,8.33434501410099,36,798,93.76411809408641,64.39327592213456,6424757723.2522545,0.5,3.4887214517791447,0
DEAL-00026,2022-07-15,multifamily,95810117632.95895,72.49383683710755,8.183831658122411,84,711,79.13742030369957,57.47071441613862,7196882534.143543,0.5,5.44545441604337,0
DEAL-00027,2023-06-30,retail,908505630633.7109,85.77453279763475,10.747503517351626,36,654,87.41948172718418,71.05372867322191,57750161214.489044,0.5,5.452352665889004,1
DEAL-00028,2024-06-18,office,426456699941.36005,69.04704467613048,6.534722654429785,84,774,100.0,69.17528285048652,32325509110.0461,0.5,5.2337807613455825,0
DEAL-00029,2020-09-04,multifamily,179624830142.97736,72.7902152577034,8.891760192121856,84,729,90.83037744876874,63.01266881620586,14654694963.56495,0.5,5.938591007071743,0
DEAL-00030,2020-04-07,office,1130687584417.5334,76.0789650971654,7.585519687345627,36,767,100.0,54.492782947288745,84279269486.71518,0.5,5.670779170178506,0
DEAL-00031,2020-02-03,multifamily,358597050271.47595,71.86609123156359,7.902888418294886,60,717,84.21507495488842,70.18715574003201,22556416685.92503,0.5,4.520509854112413,0
DEAL-00032,2020-09-15,multifamily,839744245030.3038,65.53566385449471,9.792702639618797,84,678,91.87157961707632,63.05016452745091,73978509129.87123,0.5,5.77346106922942,0
DEAL-00033,2023-03-30,mixed_use,345044851576.79034,71.94089992898307,8.261753634434436,48,740,86.93857249958505,54.480135693446,24179813389.316483,0.5,5.041424404372454,1
DEAL-00034,2023-08-02,mixed_use,1699786557805.0762,80.73631749859771,8.30744411857445,120,720,94.73587748099642,70.65294716137167,43604775244.15868,0.5,2.0711359096246618,1
DEAL-00035,2023-11-16,industrial,1331328110084.5427,59.7348470058894,9.108761005964704,60,729,97.16006934448097,94.12458208083079,87018436190.06166,0.5,3.9043966195343045,0
DEAL-00036,2021-03-14,multifamily,267866389416.20853,71.32969674146877,6.952570905685672,36,800,94.81972876560721,64.49758501139384,23032820139.223965,0.5,6.133371488719617,0
DEAL-00037,2021-07-04,multifamily,711173475997.3204,62.99879185060827,6.2411854989914906,60,665,98.33481714998423,92.46664811863035,86221130729.17392,0.5195719035173734,7.637836971231164,0
DEAL-00038,2022-05-19,office,547827462375.0786,81.95046628924842,5.93278620896845,24,734,89.89461609182139,100.0,15770891012.445913,0.5,2.3591951134826026,0
DEAL-00039,2020-04-23,retail,977076425889.8076,54.76813095216225,4.550465115935998,24,679,88.47577305869058,55.69871646433487,83749431569.91443,0.5,4.694412549369513,0
DEAL-00040,2023-01-05,multifamily,151066609121.45532,64.41078152728412,10.584310694910483,84,600,75.93445594179222,70.13566312298447,15590046145.371342,0.5087347613141857,6.647180750992139,0
DEAL-00041,2024-11-05,retail,565947204748.2391,73.7721187506452,5.845187451417475,84,717,95.10760748131652,100.0,56135050755.2523,0.5686935551087621,7.317293195629753,0
DEAL-00042,2021-10-11,multifamily,762345006384.15,85.65524029234341,7.1681195646213425,48,721,91.37747273792125,68.18380057886434,47792321995.251236,0.5,5.369829657635973,0
DEAL-00043,2023-09-17,mixed_use,80051328796.40884,69.34249738927012,7.084780050166619,120,751,89.45668209949973,70.552182186481,5744262684.063058,0.5130828699113833,4.9758264623683965,1
DEAL-00044,2022-06-19,multifamily,126856029557.95015,64.44800473306802,7.961110046713651,60,709,88.47346075636524,44.949917884376624,15411302116.672194,0.5,7.8295661248352895,0
DEAL-00045,2020-08-18,office,63961023230.669586,88.8115706944059,8.723605818808945,24,645,89.70496350924968,62.02507149520498,5181132276.79029,0.5,7.1941390589978536,1
DEAL-00046,2022-11-14,multifamily,263521289680.271,55.51986099583756,8.790710232539618,84,678,88.11011094801667,78.33383027003406,34591658643.236,0.6844068279069875,7.287927597114023,0
DEAL-00047,2021-06-23,retail,580386019290.3684,50.0,6.625383842146592,120,785,85.77572929149356,100.0,61496588219.48259,0.773279089062676,5.297903996263882,0
DEAL-00048,2020-03-02,retail,1087400505628.9619,74.40014450053333,7.249317429320382,60,678,91.91671104579335,67.05989749792464,112109332656.92676,0.5,7.670541356525518,0
DEAL-00049,2023-02-16,multifamily,346864929622.25244,64.97945775647389,7.92386992573245,84,799,93.87327295146362,45.06060516622968,16454052110.40208,0.5,3.0823969007044325,0
DEAL-00050,2024-03-26,mixed_use,1202973953534.8967,59.787671828692865,7.12696331072468,84,772,83.83545668491055,48.921262138400365,154866445566.23877,0.7078953398279269,7.69684513748852,0
DEAL-00051,2021-09-12,industrial,108372943750.31851,77.08356447299353,9.911018364029989,24,704,86.79411544650087,69.46315471092555,8295182493.047743,0.5,5.900201769837166,0
DEAL-00052,2021-12-03,mixed_use,83676123716.13017,72.43800713771199,8.236462427457377,24,683,88.36302598988105,87.65810197078373,7154252757.377652,0.5,6.193401286871722,1
DEAL-00053,2024-05-22,mhp,312692871910.48535,64.35921369263272,8.602316679074725,84,772,90.03850645901429,79.56030524313093,22262493538.264385,0.5,4.582121012883785,0
DEAL-00054,2024-01-04,office,444483079194.4406,57.19695601329106,8.494321903001119,36,707,88.97451624331386,76.9038379526519,25481119124.72295,0.5,3.278960477837774,0
DEAL-00055,2023-07-10,mixed_use,318462213661.4526,78.72457328280144,9.260210786227987,84,642,95.27776959725115,89.63716580376395,24925163162.323605,0.5,6.161556221687596,1
DEAL-00056,2021-03-23,multifamily,62533721046.69873,76.50201177958661,7.77153233805556,120,748,76.78106387436952,59.19656368721573,5580552011.31767,0.6190885753770119,6.827091824387095,0
DEAL-00057,2024-06-26,multifamily,304406383464.623,69.00824136220618,5.55475207806623,84,740,78.19970241327907,70.28642079936348,31116491736.73865,0.5917148011353491,7.054038577228147,0
DEAL-00058,2020-10-04,multifamily,115132544738.95612,88.46636996047665,8.099531927628963,48,776,91.54855519402862,62.19426819696407,8969655121.246288,0.5,6.89216789373688,0
DEAL-00059,2023-02-02,multifamily,558579898345.6799,59.29915233673847,6.522964659312256,48,737,85.17851321737768,65.9281639682189,61720122955.335686,0.5,6.552242542580186,0
DEAL-00060,2020-02-21,retail,438315173102.5896,54.74474829075261,6.707074977375365,48,692,97.07393844619048,54.90595968511772,36944669292.09659,0.5,4.61432034571056,0
DEAL-00061,2023-03-04,multifamily,154123741956.34247,63.080919301187556,8.37954602813264,36,783,99.3584076207084,64.84035892849306,17472349645.282078,0.5,7.151214108780049,0
DEAL-00062,2021-05-13,industrial,216711308917.23148,69.54413983644503,9.357424607150453,36,788,91.86997741138329,69.58426650631901,13856253655.1847,0.5,4.446566478787007,0
DEAL-00063,2022-03-20,retail,140090523559.98453,72.43339449322691,7.531907365104092,84,731,81.42420066980657,64.42792750207674,14816052202.656414,0.5740109321312358,7.660596354097701,0
DEAL-00064,2021-09-13,multifamily,310914001118.6583,67.5876394214367,7.963249518898445,48,723,98.43674812981648,67.58407745479298,27021468926.384407,0.5,5.874027196790741,1
DEAL-00065,2020-11-06,retail,701887745416.1893,73.52055396514297,10.053322416952856,36,653,91.59122129720262,76.07560815155779,56554772485.30622,0.5,5.923936170201774,1
DEAL-00066,2023-01-24,multifamily,148573352268.20926,57.48460575809556,7.861129769232853,24,689,78.10451221978306,88.58043653596599,18864538254.33657,0.5,7.298889927457653,0
DEAL-00067,2024-05-06,industrial,489261367445.76904,84.4376460407326,11.402524671270593,84,758,78.81184281547853,89.66733802168898,43470397868.24769,0.5,7.502202938301209,1
DEAL-00068,2024-09-22,multifamily,213888218121.59448,69.17848821607431,8.348264468447317,120,692,100.0,81.42132651095488,22125015289.915794,0.6998269184838828,7.155958018425207,0
DEAL-00069,2020-12-12,land,173358440631.3583,81.17295831588127,4.858855861266274,60,647,100.0,51.10027782342526,10185666764.374855,0.5,4.7693132256664965,1
DEAL-00070,2023-07-15,industrial,300075869213.13617,73.42725346377703,8.630012431656798,84,850,69.86285486323004,64.5938502164522,29195471797.698715,0.509862403184469,7.1440043256578285,0
DEAL-00071,2023-04-10,multifamily,142802958872.7628,74.56753219153784,8.071737577324166,60,646,79.13767283793699,65.88572453931098,9149909919.778172,0.5,4.777815585044327,0
DEAL-00072,2021-09-10,multifamily,209922871303.37064,75.69767280232205,9.434629131124119,48,832,99.12684396497325,60.142752538171536,19916530572.732586,0.5,7.181852102591489,0
DEAL-00073,2020-02-04,industrial,125381026629.04826,74.47708560017315,8.509772026904937,60,704,89.85205929285561,75.1352676854441,6502047158.768392,0.5,3.8622552059066035,0
DEAL-00074,2023-05-26,industrial,1574101219921.9172,76.42722759867544,7.292316024024339,48,715,95.61479428393675,46.08507260077813,120682311260.7848,0.5,5.859479907092453,0
DEAL-00075,2024-08-28,industrial,336255224923.4764,83.29152530132431,5.663552645565952,24,686,89.50437803121523,95.40349704292437,19251513783.805214,0.5,4.768663290741493,0
DEAL-00076,2023-02-11,industrial,186770244352.14145,71.9652116970147,7.186465114070963,60,759,95.23593992056963,87.92831007282572,18958307430.88026,0.5,7.304903478672038,0
DEAL-00077,2022-02-22,multifamily,387937233268.74554,77.09003757588512,6.22421931868605,84,648,90.04666837332347,77.17303392852637,38611285746.779366,0.5636031773093076,7.672750161133518,0
DEAL-00078,2022-08-03,retail,298806793298.9547,69.10264305712774,6.629214825292916,48,627,86.49913394594427,69.06836005119723,27235326201.39571,0.5,6.298494770687898,0
DEAL-00079,2020-12-25,multifamily,273933108876.84567,84.40117215449473,8.382867606630914,84,800,98.46995063931847,88.4325894260883,20282334959.107254,0.5,6.2491637159068265,0
DEAL-00080,2023-09-12,mhp,534318972846.2212,63.2360769794073,10.00485675652711,36,679,91.61643692820518,80.34107405170401,59622557444.28941,0.5,7.056265683721703,0
DEAL-00081,2023-09-05,office,599242163507.4801,88.00940432910815,8.092007294734472,48,757,95.21910972994853,86.59956676327138,52303296169.72689,0.5,7.681672319923677,0
DEAL-00082,2020-09-18,multifamily,213846551752.68204,69.59842049355656,5.7061754069472235,60,665,91.25958339968614,69.1142187661024,18607428162.8418,0.5,6.0559667619932425,0
DEAL-00083,2024-04-29,multifamily,206232677850.44073,55.69224897881952,8.166904002330211,48,755,86.1091448516015,96.83969628796251,19442956901.143257,0.5,5.250487012578029,0
DEAL-00084,2021-04-29,multifamily,262333939469.15848,71.2810441491079,9.294947229968477,84,804,100.0,87.50331813534784,25654842785.439022,0.501845367108553,6.970901229660733,0
DEAL-00085,2024-11-03,multifamily,51837959835.02497,63.18948342525119,6.585325643520926,24,693,92.83974603806132,77.64304443153897,2634913244.647482,0.5,3.211908943359493,0
DEAL-00086,2021-11-20,industrial,97271572030.48834,78.40643548988724,7.298974249990623,48,623,87.15961084502278,88.83959380646732,9136422037.124567,0.5,7.364477309338239,0
DEAL-00087,2020-11-16,office,975703785592.1438,63.47376020697609,7.522032292093796,60,804,100.0,63.71257087249042,75855354327.20538,0.5,4.934719575837432,1
DEAL-00088,2021-09-25,mhp,1218814323072.3188,65.5381656678522,6.32265253037664,36,766,79.43340980896835,52.4874946097946,104880814439.46573,0.5,5.6396582005913265,0
DEAL-00089,2022-03-03,retail,267850984096.56775,51.10459269054469,8.47242065076579,120,696,100.0,74.82325769571213,38649242135.82766,0.9709832411457211,7.374076984677466,1
DEAL-00090,2020-05-04,multifamily,518481941373.68805,65.47693680750923,7.318577777088327,24,709,88.56680193869258,69.14364331279796,42575913185.46474,0.5,5.376735725415462,0
DEAL-00091,2022-11-06,industrial,419330650894.41095,50.0,8.129298665860542,36,664,79.85588634093298,67.03423986583556,58464029700.757095,0.5,6.971113317862204,1
DEAL-00092,2022-12-11,industrial,3838221068336.2603,54.16097176514277,6.16876173329685,48,791,100.0,88.24468059024105,546267927032.6622,0.503353925577015,7.708363131111621,0
DEAL-00093,2023-08-23,office,800566464059.1776,77.60414656144297,6.843812549514884,84,693,86.29465909541767,72.50708819815945,63598817921.29007,0.5,6.1650496350712585,0
DEAL-00094,2020-02-22,industrial,295103326648.6811,77.85800158650832,8.583572036741657,84,649,91.94595655884501,73.95353610303226,24512368687.825447,0.5,6.467172233737068,0
DEAL-00095,2022-09-01,retail,152204844620.74057,74.25457561784965,6.940750271862349,60,730,95.74152593151571,65.09421161868856,11931399276.058256,0.5,5.820846189084422,0
DEAL-00096,2020-04-05,retail,90423353735.59108,60.33023856870787,10.090445776850107,84,676,99.47338022128116,83.2168470891929,9252727546.357025,0.5122088061798282,6.17339699559558,0
DEAL-00097,2023-06-16,retail,384687200074.20776,69.5228864385802,6.900545721578096,24,668,92.39819650977252,80.5281367196188,23933460508.613594,0.5,4.325392830074952,0
DEAL-00098,2020-04-10,multifamily,178498291866.11032,69.96397460909432,7.837027088627829,84,698,84.8214767333597,83.1048951534144,14183615734.828726,0.5,5.5593928701628865,0
DEAL-00099,2024-06-29,multifamily,104779344746.2369,58.416353108074574,8.898886247809635,60,724,91.75194018667194,62.54104050045732,7296074415.871461,0.5,4.067691589526221,0
DEAL-00100,2023-06-17,multifamily,194883378490.0633,85.0339830176715,5.372451400600452,120,650,86.64547563734622,89.56132690070493,10661244469.33086,0.5,4.651849163208902,0
DEAL-00101,2022-07-02,office,137609673569.52905,78.77362290575671,4.858786782028837,48,789,91.99209341091618,97.5815263564956,5232973739.746496,0.5,2.9955764689917554,0
DEAL-00102,2022-03-05,multifamily,1260637640820.9622,67.79035826170336,5.211515528144858,48,753,100.0,82.63057595987058,118938779774.10951,0.5,6.3958922302573304,0
DEAL-00103,2020-08-23,retail,661805319633.2239,70.26885838994531,9.393876155140774,84,701,96.04740153315035,57.860675691335636,80406868915.81247,0.6215397756076784,8.53740324806612,0
DEAL-00104,2021-06-07,mixed_use,324823356130.35925,72.08382807947552,6.672212781161329,36,674,91.65317150478671,57.966965736456984,23954186248.54921,0.5,5.315841397289143,1
DEAL-00105,2024-04-13,multifamily,1068076812911.7117,50.0,11.337298928502378,48,715,95.90792666085072,64.36934566610368,159094321832.9829,0.5,7.447700385858569,0
DEAL-00106,2024-06-16,retail,347774497533.7485,67.52822617479403,6.653628602013917,120,764,96.48064521527348,61.534341789722184,39596447543.02768,0.8298745811436058,7.688539224025372,0
DEAL-00107,2020-01-02,industrial,164125645724.53497,63.180157520022014,7.776826954795555,84,757,81.3770071762502,68.93361061469103,10913871412.54084,0.5,4.201294148477594,0
DEAL-00108,2022-12-05,multifamily,1105617067086.7083,59.983799901050844,9.813164928851814,60,772,90.33378168972558,79.48663699551771,83391738968.34125,0.5,4.524309123463767,0
DEAL-00109,2023-07-18,multifamily,503099348724.5278,67.18899707114045,10.509139332238684,120,695,100.0,74.34928661124773,56055322537.56697,0.6878481259884167,7.486197132528311,0
DEAL-00110,2023-01-18,multifamily,142574219763.30597,87.97686526849523,10.592255364954596,84,600,99.70256788025493,73.03433584579433,9499054886.28993,0.5,5.861487955512222,0
DEAL-00111,2020-05-27,multifamily,280728689620.5247,76.4084286126701,9.312549345889714,120,782,85.9725155267104,66.38195875299782,14930681836.809126,0.5,4.063816700774111,0
DEAL-00112,2021-01-26,mixed_use,162254327221.6891,64.28821010217203,9.036093788717194,48,711,85.17433683105902,68.89231109253176,12732134341.76485,0.5,5.0447106196070886,1
DEAL-00113,2021-03-26,industrial,108139260249.0688,75.72582781356158,8.388790423801774,60,753,84.90779421459519,81.94863261293503,9467155458.562092,0.5,6.629490367218098,0
DEAL-00114,2024-02-06,office,685810716408.456,83.99355436586002,8.667541614249956,84,803,96.93055960209645,39.82062958750278,39266452104.27144,0.5,4.809094988842749,0
DEAL-00115,2022-04-13,mhp,1505970681537.7498,79.24633682912769,6.6732214255072,24,841,100.0,69.82914387281903,34932432699.20116,0.5,1.8381947018484084,0
DEAL-00116,2022-05-26,industrial,106783729452.35133,70.59630369920174,6.272701674866539,60,687,94.65733635584047,74.31981392390988,8344965583.9161005,0.5,5.516980234188245,0
DEAL-00117,2024-08-09,multifamily,512876470216.72363,63.53063222294426,7.494938313883572,24,726,91.25729879895054,81.75374602820939,45519131672.3569,0.5,5.6385102092172055,0
DEAL-00118,2023-02-20,mhp,194249919090.73474,76.9822331361359,7.244723066212607,120,788,86.44675713893783,54.84931091074263,15174772386.865217,0.5546377117066269,6.0138396512164904,0
DEAL-00119,2024-06-05,retail,221397409798.43936,73.9348538542175,6.820157926009087,36,677,92.63498516466821,54.05635476320322,23621534971.330006,0.5,7.888325059934294,0
DEAL-00120,2022-04-01,industrial,203515972069.90536,78.95193220027733,8.544581171185072,60,690,83.43902623923033,78.759324923172,15673269979.56072,0.5,6.0802841968485675,0
DEAL-00121,2020-09-25,mhp,163770656361.69995,76.35171801681969,8.932957812855767,120,690,74.5138756223101,41.433216396146264,13651335951.919218,0.5499319887420046,6.36440603163856,0
DEAL-00122,2024-07-31,multifamily,339840683679.2992,80.49552715319335,7.632610329437771,24,718,100.0,89.98283666141178,32015638674.331657,0.5,7.583305460474129,0
DEAL-00123,2022-04-05,multifamily,168157246867.7263,64.64764788439432,9.716295121582892,48,708,81.95349863710312,73.39887987239216,15647168089.58009,0.5,6.015516023753643,0
DEAL-00124,2020-11-22,multifamily,405866825039.27075,83.17394065634326,5.787466328799742,48,690,87.40134101064544,93.38081819265156,44916896542.797745,0.5,9.204781117935152,0
DEAL-00125,2021-06-28,retail,314023913441.2111,71.975996046924,7.209510811080423,36,671,95.25085960503432,53.69391435145731,17907241518.712482,0.5,4.104437559031497,0
DEAL-00126,2020-04-01,industrial,270021393361.22818,90.75260872625265,6.424766519095792,60,760,100.0,63.454607969226394,13683006769.151712,0.5,4.598778430338234,0
DEAL-00127,2022-04-22,mhp,158160240328.75925,63.10812181910432,4.70019507439041,60,786,92.05704521934896,33.88197509609672,17345107484.202618,0.5,6.920937612406219,0
DEAL-00128,2024-03-15,multifamily,206075491153.5291,87.3596380316525,7.375978971235951,60,794,80.45031209871337,58.06465355507086,18591856600.573006,0.5,7.881470299407958,0
DEAL-00129,2024-08-07,retail,598228392734.4551,71.97910783462648,7.3173787374250745,120,695,87.5892284024676,67.24229678917182,47363583081.227646,0.5603151948704389,5.698807504697063,0
DEAL-00130,2024-08-05,retail,488038051951.32465,63.48581996385552,9.770174614863198,36,762,84.57211675979937,40.55938629987345,34470625594.41821,0.5,4.484068243815891,0
DEAL-00131,2020-08-13,multifamily,149547703992.77905,65.16114165945679,8.446217526832166,60,731,89.69431178022943,64.08059781702401,19832589099.63547,0.5393408558181771,8.641484377838026,0
DEAL-00132,2021-11-18,multifamily,353939315170.70715,66.7965269180568,5.963719763506193,120,691,99.85587577015708,40.189897347096334,25494740724.004288,0.5415646463158137,4.811446657793534,0
DEAL-00133,2020-02-20,multifamily,596315164454.9418,74.24165946401916,10.281138849501282,48,756,69.70089123144092,66.13809722632863,52277467676.89711,0.5,6.508581676699468,0
DEAL-00134,2024-03-19,mixed_use,85981779121.60384,75.228354880355,9.33155054328803,24,689,86.70888135978008,87.20667890662355,9110665014.315544,0.5,7.971227717021678,1
DEAL-00135,2021-10-07,multifamily,504893634292.6854,64.26299996061421,8.373146555202924,120,701,86.12760290890385,69.47530374828816,41935737642.878105,0.5613205381987513,5.337592164868468,1
DEAL-00136,2023-02-10,retail,192396937523.45013,69.75645407739017,7.160273851725252,48,651,79.94590924083488,94.87311058917705,13974884504.661938,0.5,5.066808244114929,0
DEAL-00137,2023-07-10,industrial,516016407727.9195,91.42270358611864,6.0608411449147805,48,696,94.68392594999693,81.79438845091914,29177987548.651443,0.5,5.169468386955503,0
DEAL-00138,2022-02-12,retail,177514501255.01788,87.27543170100711,6.9416898358934205,24,732,78.68019302499161,90.22221772910457,14954318925.644485,0.5,7.352326884862147,0
DEAL-00139,2021-07-05,mixed_use,77150182744.1123,74.36323669674032,9.13312292955628,48,798,79.6008457656294,58.52582138682575,7874683866.181788,0.5,7.590221557803989,1
DEAL-00140,2024-09-27,mixed_use,88910093852.04427,70.380034781682,10.326879458901914,36,702,96.80855371216491,58.16287557411097,7643621609.468614,0.5,6.050588087643191,1
DEAL-00141,2024-10-02,multifamily,339721982761.5615,71.20031326718261,9.814865292408284,24,668,100.0,75.18420124578053,42105412379.205025,0.5,8.8246233796046,0
DEAL-00142,2021-06-04,retail,402396382687.9253,76.13517972730416,6.766725867320589,48,794,89.39122585110432,46.334468625507114,31965159162.56106,0.5,6.0479498389051916,0
DEAL-00143,2022-05-13,multifamily,158571616112.25925,59.77207434801595,5.820573850066483,84,694,80.26083104808588,77.06715624643135,21060348998.990948,0.7620996676107522,7.938499821252249,0
DEAL-00144,2024-10-17,multifamily,544862568539.2568,67.42623462576655,7.711329370366806,120,632,84.355567265774,65.14120275179606,43248791391.99771,0.5521044316200873,5.35199759362359,0
DEAL-00145,2020-01-09,multifamily,86525881580.65465,53.314159261224106,4.847340951655722,48,726,98.06401557796036,89.94995256319986,15418995874.366968,0.6467747530923774,9.500634800558347,0
DEAL-00146,2022-01-12,office,310069290146.8949,73.9922312260528,7.984751571277172,36,703,90.93150592530715,80.19268381119116,35013000664.43183,0.5,8.355197123369567,1
DEAL-00147,2020-06-29,retail,124070092526.36263,76.4719593970274,7.278596120551997,60,835,89.19168978494461,86.4505964551019,9423111733.156548,0.5,5.808038046707226,0
DEAL-00148,2022-07-05,multifamily,194064531777.92197,65.16813537700627,6.800945247197637,48,743,92.50439767930517,58.686908779074294,24275318641.50303,0.5,8.151810313075504,0
DEAL-00149,2020-02-14,multifamily,339535519695.5169,85.73986763290033,5.1079453990998065,60,712,89.69872045179648,85.72315403142592,31981375722.33346,0.5,8.075970736758025,0
DEAL-00150,2022-01-02,mixed_use,164240026785.24316,57.74234336997659,8.270400159854574,84,673,100.0,91.67068741546424,23692274037.082344,0.7646431624253023,8.329561614438973,1
DEAL-00151,2021-02-01,multifamily,240330532029.88193,55.3562511979018,6.700948740507133,48,736,84.0068538824512,69.41929264929489,9885740733.97869,0.5,2.277020496419542,0
DEAL-00152,2022-08-17,multifamily,731205012579.9507,72.24451818559972,5.745124746434568,24,792,83.0883270653183,58.90974070950268,71648621705.44078,0.5,7.079027173936253,0
DEAL-00153,2024-11-27,retail,206055620012.1898,80.47098302612154,4.0,60,735,78.93237185545075,59.17319198148386,17446652581.951412,0.5,6.813448153958612,1
DEAL-00154,2023-12-11,land,637920276884.6984,86.83927691457869,7.458727642424045,84,677,85.68009891419447,88.58519488023947,49266675288.36358,0.5,6.706609921415178,1
DEAL-00155,2024-03-02,multifamily,132408804998.00003,65.4111573713106,10.158377395004617,24,746,81.26419620267076,100.0,12808507739.967846,0.5,6.327519650096845,0
DEAL-00156,2023-02-17,office,499447741181.49255,80.78680833431295,9.991888821821805,24,717,91.7446040692218,55.275323947371675,39391822605.60409,0.5,6.371716919271789,0
DEAL-00157,2020-03-15,industrial,1035784639780.2988,69.61491530499293,6.814355615120592,24,742,90.16757892420115,54.1221992493616,117909981375.20119,0.5,7.92471045794712,0
DEAL-00158,2021-01-07,multifamily,45256396891.48079,68.2737270005918,6.596681909457329,24,702,81.36739599945619,83.82121271011718,4513600275.763379,0.5,6.809210060540058,0
DEAL-00159,2024-07-23,industrial,172801480431.89014,78.83659937486672,8.203161384112535,48,701,94.71311487222378,58.69129705950033,13864518804.042362,0.5,6.325359665598544,0
DEAL-00160,2021-10-21,retail,518695668048.82056,76.52322878413419,6.002421841217563,120,699,100.0,85.27533076342405,52254224851.793434,0.7560957236143125,7.709071522253427,0
DEAL-00161,2020-07-05,office,277889435121.17096,54.236078430157505,7.952687849729199,48,767,92.86270678936819,76.98019260289969,33954965991.42266,0.5,6.627039267617805,0
DEAL-00162,2023-06-18,office,439912712574.9722,84.76540349725896,8.649120417577036,48,701,69.6520145363562,69.64034046253055,35136554213.42949,0.5,6.77035264103007,1
DEAL-00163,2021-06-23,retail,201637489484.05106,83.80091354147451,9.340399835826462,84,697,100.0,76.61907301782531,21175448751.133842,0.5381413479778435,8.80055566321684,1
DEAL-00164,2021-04-28,multifamily,350349580696.3237,63.74437298490471,7.349768885280071,84,672,95.97538775256848,75.70297553730092,29395022544.626102,0.5,5.348278931175529,0
DEAL-00165,2024-12-01,industrial,288621990244.4373,73.95803533437409,7.194489374734551,120,742,100.0,67.30590253320736,14542448766.369354,0.5,3.7264344923981354,0
DEAL-00166,2024-03-24,multifamily,832043961154.7058,74.94030186282738,6.183026119865159,84,735,98.72578868919868,43.65458452542258,67821693722.60178,0.5,6.108545266486195,0
DEAL-00167,2022-01-04,multifamily,400693302364.56696,72.60673765823907,6.2596794689402095,36,697,100.0,72.67976092883552,34888069867.53076,0.5,6.321815017435446,0
DEAL-00168,2024-10-30,multifamily,428264826477.1014,64.4969484615458,7.16028166214771,120,684,91.64213514880868,93.59590549096247,47026987913.52906,0.7825361451670547,7.082293544185786,0
DEAL-00169,2023-03-16,office,235134585654.92105,63.283766320619485,8.051048260224267,84,813,87.90163190248134,45.86847005193215,22891463685.68529,0.5196689074920977,6.160973871992941,0
DEAL-00170,2023-08-28,office,221312260737.79114,69.74445929008554,8.870376939349875,120,625,92.98784950185728,55.51322469791583,22633328883.896183,0.6765131292222762,7.132678865958838,0
DEAL-00171,2020-02-26,multifamily,231276294937.9613,81.72729019259364,6.295231573979483,48,744,84.32971935802769,76.40240462149016,27610672804.514446,0.5,9.756925020407353,0
DEAL-00172,2020-08-06,retail,448191834121.2143,75.43600154594432,9.739032853439284,48,784,93.47104680720186,70.57887794098421,42791229619.1776,0.5,7.202271478315514,1
DEAL-00173,2023-02-13,multifamily,233427618342.35367,66.29385667913894,7.093314598436147,120,600,68.98570994119432,76.16773239376434,26288473351.762383,0.8049532295302944,7.465972951577202,0
DEAL-00174,2024-06-06,office,412187982519.0524,77.71698710648344,7.467949058477346,36,759,90.3434579617153,59.51022688258507,30791736141.3221,0.5,5.805702888416349,0
DEAL-00175,2023-01-27,multifamily,1719829207548.4197,50.0,6.379182481278265,36,708,100.0,87.43687429888459,134907336830.86513,0.5,3.9221143657390463,0
DEAL-00176,2020-08-29,office,656261534917.9385,81.48765700372104,4.0,120,732,90.75446863143172,70.70350848535317,20559259091.931305,0.5,2.552832619305382,0
DEAL-00177,2020-07-27,retail,251851795721.55423,52.60286221221901,8.826068094541574,84,703,100.0,80.45478283514585,25001773002.35682,0.517009834753405,5.221979126796423,0
DEAL-00178,2024-02-28,mixed_use,854597643482.2468,66.37559058596868,8.60526584563865,60,773,87.89003689721116,74.80416116456644,27416954637.74775,0.5,2.1294425160523205,1
DEAL-00179,2020-09-07,multifamily,235850782994.12616,58.803301053738565,7.07800866432268,36,738,98.02120730390263,72.63242451941488,27154701842.172108,0.5,6.770323537528911,0
DEAL-00180,2022-07-25,multifamily,64017725111.47401,57.053185242790946,7.600486075837308,24,726,82.97383941061307,79.40250485542195,6088104292.080044,0.5,5.425774523362718,0
DEAL-00181,2020-03-07,multifamily,145939270440.8197,81.6082678737852,8.273908826556148,48,675,97.69565295644303,72.79731930950426,7206698331.245694,0.5,4.029937700287135,0
DEAL-00182,2020-05-25,mixed_use,73187606110.62222,65.32298798688109,5.156181214670186,120,814,91.86075926582254,52.14701457856732,6942321469.834181,0.7399296486213854,6.1963111799229385,0
DEAL-00183,2023-04-25,mhp,246768053501.65555,73.46503881730716,6.706420983980558,24,720,88.24199603325818,86.31035238573946,16432334310.66489,0.5,4.892051709537294,0
DEAL-00184,2023-05-25,multifamily,331754199372.20013,69.53079421120816,8.69139701943274,120,834,69.40894307948464,82.27190929372276,31854167553.360695,0.6400560616288669,6.676164380476153,0
DEAL-00185,2021-09-06,office,1249888314424.3853,74.77040827223121,5.618565865246126,48,816,87.9649857935556,38.39724412963285,118041494107.50812,0.5,7.061439494733755,0
DEAL-00186,2021-01-23,industrial,424622919578.0084,70.76821891060256,7.940336898249944,48,631,91.70762415423849,60.18699572686484,29684443706.29356,0.5,4.947248755517338,1
DEAL-00187,2024-01-04,office,274343015541.67966,57.1700777581143,5.465127293064892,36,687,96.62967548175934,85.6354069373921,27084333305.859295,0.5,5.644078228364512,0
DEAL-00188,2021-01-25,retail,634720086451.7822,79.9626681944714,8.19964497365029,36,668,100.0,42.5960718028325,50184899860.177734,0.5,6.322343630757329,0
DEAL-00189,2022-09-02,multifamily,55742974296.8407,65.06243416838687,7.446537776553774,24,717,100.0,84.15350322851117,3332318743.313962,0.5,3.889436679686362,0
DEAL-00190,2024-10-08,multifamily,394709982816.2268,54.434181013402494,5.077302276141736,120,729,99.97013874498387,67.88166196518624,45843252547.114136,0.9092762265158693,6.322211284315523,0
DEAL-00191,2020-09-23,mhp,605679993542.4457,65.71884839034088,9.247109031685756,48,731,85.50327739756645,90.10423855500986,35514482832.994095,0.5,3.853472027880907,0
DEAL-00192,2024-08-20,mixed_use,100162175904.29782,85.00759790634311,6.398112634802926,24,772,87.56156728385808,69.98279816386804,8069493054.121873,0.5,6.848575469329305,1
DEAL-00193,2020-11-25,office,816202807420.7579,78.50221742113493,6.2846213444784285,60,794,95.91132376834946,59.168980105065586,55596444065.06365,0.5,5.347254506057701,0
DEAL-00194,2022-10-18,multifamily,428571143753.41583,66.5134786559214,7.800853795846415,24,768,94.15691567878241,74.62128491138711,24775966495.082592,0.5,3.845185898933648,0
DEAL-00195,2021-11-09,multifamily,234493834845.49377,66.50742295681572,9.222956024143073,84,691,100.0,69.5442176573502,18087645040.713005,0.5,5.130039601288764,0
DEAL-00196,2024-10-02,industrial,542335666650.4629,66.78364948782617,5.976267271532405,24,680,100.0,57.83723298788979,42175201083.72304,0.5,5.193488128209835,0
DEAL-00197,2021-05-07,mhp,2010651171016.321,90.76747983560841,7.592519774771957,84,720,100.0,100.0,168414295537.78345,0.5,7.602781325080415,0
DEAL-00198,2021-12-20,mhp,378097701602.7719,73.81935452231554,8.14322475049586,84,741,100.0,55.43352727623528,32063073263.753666,0.5,6.259957048928691,0
DEAL-00199,2024-11-04,industrial,398710702318.8697,74.3004164719107,8.539658410894717,84,710,94.22322119154317,36.35566937410309,24499824028.915848,0.5,4.5655838136523,0
DEAL-00200,2022-08-23,office,226370018036.38983,80.30283454031843,7.7646623329158375,60,652,100.0,93.72548452182238,23886689267.742226,0.5,8.47359943080073,0
DEAL-00201,2022-06-23,multifamily,165634595880.18613,72.38789159026514,6.949458241375017,24,754,100.0,61.246547915261104,15879179193.433277,0.5,6.939735602265837,0
DEAL-00202,2021-04-09,multifamily,635192613509.4055,67.40957854179297,6.258614669026921,24,700,88.82159682195986,65.54840108551457,51783611916.110085,0.5,5.495516447130506,0
DEAL-00203,2023-06-16,mhp,164809880026.7089,68.03650150915021,7.629215824569562,60,698,85.73871221992992,64.63140903056448,8888294197.346848,0.5,3.669248721457466,0
DEAL-00204,2020-01-26,office,346163988437.89294,69.28398740585936,5.89179148202159,48,717,83.8606319994266,61.45522848762511,26795735778.67393,0.5,5.36310963077971,0
DEAL-00205,2020-03-30,multifamily,223080718115.83588,69.62777763490159,4.0,36,708,82.98892213243758,58.50711293104831,18163670100.27931,0.5,5.669230373013494,0
DEAL-00206,2022-12-14,multifamily,479547757843.78674,77.2762954363698,8.154839706236501,24,701,78.94403741925447,55.04774046254553,40668868376.70347,0.5,6.553548497175384,0
DEAL-00207,2021-09-07,office,426916870776.50226,70.519458858073,8.855902261629293,36,655,91.99921367294182,70.97139642556849,41837718917.99053,0.5,6.9108847644894835,0
DEAL-00208,2024-09-11,multifamily,749713837281.4602,77.3264007721558,4.0,120,714,82.00197759129495,63.97018663486547,69902925863.12263,0.7674399514415174,7.209873143116102,0
DEAL-00209,2024-06-13,multifamily,217379898875.92984,69.19283419891417,5.985403942935093,120,755,83.73182252691694,80.95543285500919,11255911996.324821,0.5,3.582798853742179,0
DEAL-00210,2023-07-08,retail,263422624524.01794,70.7863519031609,8.428731391507796,60,733,95.61004447341382,77.2404107742423,23492142669.594894,0.5,6.312757231744863,0
DEAL-00211,2024-01-12,office,149403194609.42322,50.01799315467892,10.586243204567548,120,767,91.45287253002807,56.087317097118934,17206777842.756706,0.7087300749445217,5.760576262127682,1
DEAL-00212,2023-04-16,office,229115219733.8685,79.16327674702481,7.531190561513112,120,683,93.4369995250694,71.62781914108534,28991212097.564137,0.8871122431023808,10.016965914254817,0
DEAL-00213,2020-08-14,multifamily,442084050039.2443,73.46488475897992,6.407995588156298,48,656,100.0,63.7324251381797,36689703911.66518,0.5,6.097041658644556,0
DEAL-00214,2023-10-09,industrial,598993365048.3115,79.98010109859652,7.22565533834274,48,707,96.91623926832636,55.125093360495015,37940843368.55648,0.5,5.066020202307944,0
DEAL-00215,2021-01-13,multifamily,156323467276.58658,50.0,9.562314628722277,48,689,100.0,80.34147355772699,19276413344.030617,0.5,6.165553285075372,0
DEAL-00216,2021-08-05,multifamily,655464643876.5067,90.88374704780728,6.531053731313197,120,694,90.63981195822457,68.18012081037453,43180036870.842354,0.5,5.98714756798385,0
DEAL-00217,2024-01-14,industrial,966972363162.1443,68.60410371844826,6.301211990024619,60,730,100.0,63.886749697442816,42516627460.89037,0.5,3.0164410392734773,0
DEAL-00218,2022-08-23,office,455050112661.02625,81.08182816737516,6.775884716726951,84,694,92.87789411485969,57.16649145365081,37110647750.46989,0.5,6.612456695126756,0
DEAL-00219,2024-03-27,industrial,1467178251221.8696,59.60094072874469,6.070007087611931,84,657,91.34965008876162,54.58094858389991,136232805950.29837,0.5284611354165264,5.534162863982127,1
DEAL-00220,2021-01-18,office,176025394003.49332,76.12773905062569,7.684005473992193,36,692,100.0,99.8315203587182,13780848868.054539,0.5,5.959963177259222,0
DEAL-00221,2022-12-30,office,120775791674.77435,59.46584436826344,9.93701768770434,84,737,83.02277056645364,75.01177974444995,9524725650.019054,0.5,4.689647199164162,0
DEAL-00222,2020-05-30,multifamily,78781912120.75931,63.76231039304195,7.984618909674044,84,753,100.0,53.63306444195775,5385948038.57184,0.5,4.359128654681646,0
DEAL-00223,2023-03-03,retail,1081922767225.6094,89.14031353866787,7.121469746810568,48,753,87.74319983970172,74.3179884748422,88824691090.43723,0.5,7.3183235011134675,1
DEAL-00224,2023-10-04,multifamily,551781510222.301,68.09317599236654,7.062283096626684,48,741,80.25513622760542,85.93024265193307,62093268988.80099,0.5,7.662684984664235,0
DEAL-00225,2022-11-18,multifamily,312683623339.11176,72.17432873179723,5.155213786955015,120,711,95.2280156164469,72.51276418795064,28711048051.81867,0.7162860085286669,6.6271479081558535,0
DEAL-00226,2021-04-24,mixed_use,408967024901.4393,78.70067730688754,8.82466466572074,36,740,86.98142791905391,90.61032013199687,17064241811.700356,0.5,3.283803599160548,1
DEAL-00227,2020-02-26,retail,132856339484.80173,74.95681887972604,7.383244204480797,24,717,100.0,46.85780286895049,11918930055.161278,0.5,6.7245950388919855,0
DEAL-00228,2020-08-03,mhp,2312908752760.636,71.50418905143576,7.229280129614062,36,725,86.53679344971883,40.130169289296845,106940538233.07036,0.5,3.3060951729949704,0
DEAL-00229,2023-01-25,office,362504386026.1442,73.64961002466225,12.289661351767291,36,673,92.5155913388157,73.9077613278063,24650608661.887363,0.5,5.008236547757602,0
DEAL-00230,2024-08-08,industrial,356800022479.0707,94.03415585238275,7.94812936254853,60,722,78.59525347617517,74.14744215060824,27692565772.830723,0.5,7.298337673135863,1
DEAL-00231,2021-01-06,retail,584217255880.7335,69.42381202966415,6.372313424857223,120,738,96.50331395917976,30.0,58792134667.27359,0.7428002670155529,6.986397722556736,0
DEAL-00232,2023-08-16,office,480326947863.7235,72.01099046714967,6.860463605691685,60,737,83.78087939312876,60.646358631969775,44593224944.83366,0.5,6.685451046800204,0
DEAL-00233,2024-04-08,retail,391023182084.7433,80.50654396007612,9.222668563795132,36,655,95.5465975226608,54.87006528424817,38707439165.54955,0.5,7.969353980879676,1
DEAL-00234,2022-07-26,multifamily,173691383029.78632,81.05525932957984,7.6699056158066465,36,724,86.5732380823531,49.12080638945265,14657321637.258955,0.5,6.84002272111189,0
DEAL-00235,2023-04-19,industrial,476674712461.19684,81.8703030556038,5.34258303252395,36,647,73.6245225062176,54.83437353085284,17300841808.050983,0.5,2.971471162438676,0
DEAL-00236,2024-01-07,multifamily,1473328233841.1328,76.38730222029184,8.878843401862806,84,728,91.04952072275107,78.9368170239904,105034591172.12283,0.5,5.4457037306154605,0
DEAL-00237,2021-04-14,multifamily,959100307117.196,58.569950872695166,6.497783871691509,60,684,90.69142813662748,54.73892468065438,97229752304.18399,0.5,5.937587313403408,1
DEAL-00238,2021-06-18,office,1169356561799.3389,86.33431532301096,10.309946664326318,36,805,97.0485725889809,55.25316798127238,78041979320.08766,0.5,5.761887409845942,0
DEAL-00239,2020-01-02,multifamily,217171439821.39587,58.53654606981312,9.120072098571972,48,725,100.0,45.717920367134816,18825716771.911522,0.5,5.074297237346415,0
DEAL-00240,2024-09-29,mixed_use,148113040859.56683,73.02635465239034,6.829017156511873,120,760,100.0,89.03364463773738,9035216286.87327,0.5,4.4547657998046075,1
DEAL-00241,2024-07-09,mixed_use,295606770165.9151,62.45724149980642,9.421524542602668,120,825,96.91323370776709,76.51948548205951,45441573346.22588,0.9932871311610236,9.601117454188977,0
DEAL-00242,2023-10-08,mixed_use,341804712488.3139,69.35861653407008,7.601783265791105,48,679,92.22895353652734,32.614656956456486,26694823911.37683,0.5,5.416882762191327,1
DEAL-00243,2020-05-22,retail,784473539753.5111,73.2876241030348,8.77916051268333,120,741,78.58133128387628,55.2663988116522,101981688045.53993,0.8633270657206995,9.527403080061678,0
DEAL-00244,2022-03-16,multifamily,84410172724.67387,73.21357215450273,8.227099225941712,84,660,91.61616749592005,77.92776826592389,4943840949.223173,0.5,4.288064392865919,0
DEAL-00245,2020-07-02,mixed_use,1111315673219.728,74.21920754235285,6.23046501751369,84,737,91.71952135951146,89.22088823474255,104598203421.61983,0.5328668087400737,6.985590103138511,1
DEAL-00246,2020-01-29,retail,288084347108.1459,86.13711269058646,6.534675251523807,24,808,88.41087792275178,82.61258139049986,21218963253.142788,0.5,6.344462124584805,1
DEAL-00247,2023-01-14,mixed_use,232329070049.61795,74.5353430151398,9.044941226371742,24,688,95.06374120480646,64.66475634613171,14391574017.392744,0.5,4.617075709402409,1
DEAL-00248,2024-09-25,mixed_use,145470908903.809,67.55843364709351,6.997837001840189,24,675,98.97524568785707,41.02934708810442,11409404795.472725,0.5,5.298664335268975,1
DEAL-00249,2024-06-13,mhp,86988357732.31453,79.64087168288357,6.894527305137005,120,715,83.45276855577053,83.05373490866965,6528757478.134258,0.541202157540514,5.977304895958545,0
DEAL-00250,2023-06-08,multifamily,631561986915.9335,81.89470488924641,6.0673161309759704,84,822,83.32812516640426,65.54654723019243,36506682253.13901,0.5,4.733825074250811,0
DEAL-00251,2020-06-22,retail,346649437174.6781,57.72392184863008,8.135398598390191,84,758,88.88566390578697,71.03293021922605,33724495348.96451,0.5179109815109225,5.61578910894686,0
DEAL-00252,2021-05-08,mhp,116476659842.08882,75.97400069849859,10.593787378864718,84,674,85.07816647433661,67.33869342687255,3760181817.2417,0.5,2.452646361914077,0
DEAL-00253,2021-07-30,multifamily,116000744637.31097,77.01172742310898,5.898700628618591,48,792,76.8699743811211,49.66705750635598,10645249396.349161,0.5,7.067273985403108,0
DEAL-00254,2023-10-05,multifamily,249892760689.4859,67.02436496640009,7.536329185009137,84,637,82.02725810941638,75.46375318334483,29233265314.278683,0.6348312718244306,7.840727511184189,0
DEAL-00255,2023-12-15,office,1242495142188.0457,83.75706813311619,9.618330833123144,48,826,80.14143082370047,73.3968854667017,99117460617.94553,0.5,6.681545561247988,1
DEAL-00256,2021-11-24,mixed_use,265598706353.37253,68.49944412967473,7.380537913131428,24,762,99.66760406414522,63.613167356278026,36433409267.39957,0.5,9.396387191906669,0
DEAL-00257,2022-01-22,office,98213655675.97719,71.25576453471542,8.1785576943746,24,808,100.0,77.0665869979373,9680180749.06599,0.5,7.023144341399839,0
DEAL-00258,2020-03-21,office,268557535727.11243,68.26928175716131,5.90640970777968,120,637,81.23653234164331,49.39000678865041,30346158208.091824,0.8517694852983423,7.71421445816634,0
DEAL-00259,2021-06-04,multifamily,262822992225.41107,70.15579047581467,8.142460645811473,24,728,94.36858810509689,65.96495836175336,29436533705.880814,0.5,7.8575442487651666,0
DEAL-00260,2022-03-23,office,37793998254.019775,59.037249131047986,7.219283602493177,120,713,96.988131395758,70.39191209403683,1199349555.965463,0.5,1.8734799651215481,0
DEAL-00261,2020-07-29,land,313006430422.3806,55.59949117405706,8.978594993519794,36,669,78.06184970672109,43.97608551797407,37355687832.494934,0.5,6.635509798124345,1
DEAL-00262,2022-03-26,multifamily,271758010725.3164,85.94505063224972,9.281079077347126,36,655,91.287831577432,69.1435508374592,12412728597.086742,0.5,3.925597574524828,0
DEAL-00263,2024-03-15,retail,570563643151.2157,61.53038651681672,11.38434546302792,60,745,100.0,81.00467720021943,39211699002.42307,0.5,4.228644822643791,0
DEAL-00264,2022-11-12,mhp,1434862785814.0464,60.08607650543693,8.369449759820363,120,749,95.41717493086105,65.45153613935699,107210761269.69966,0.5050379061256888,4.489540092297128,0
DEAL-00265,2020-05-22,industrial,805055848203.1759,50.0,7.98869447487325,60,784,88.03759566933975,69.48827646228483,89054091275.49539,0.5,5.5309262999739355,0
DEAL-00266,2020-12-11,office,263630545879.72815,63.610382523104974,7.791576452366004,60,694,85.51850779825433,78.4351605885125,28910452572.638943,0.5,6.975689941106546,0
DEAL-00267,2022-05-04,industrial,134887203698.43442,56.76910206592502,6.970250560783968,36,712,73.82030732223285,64.18299836700591,15803186952.68197,0.5,6.650984737510056,0
DEAL-00268,2021-10-12,retail,2561497866897.5415,86.4201516013637,8.007725765192536,120,650,93.76378924893386,65.53303900683566,177280948246.66614,0.5,5.9811279257736025,1
DEAL-00269,2021-10-07,multifamily,342761330403.06744,80.09817089342634,7.056897884791455,36,797,100.0,52.34944728201299,30314423687.66643,0.5,7.084025161808941,0
DEAL-00270,2022-08-10,industrial,330564917322.4801,63.118496548222765,7.752691464404421,60,723,83.49164996481663,69.77594834018852,37578194512.338196,0.5,7.175229482388155,0
DEAL-00271,2022-11-17,industrial,320653005383.46765,92.52435805344308,9.476396303411939,120,756,74.5153225638635,64.97727274592829,23094580087.39925,0.5,6.663936283850018,1
DEAL-00272,2023-12-05,mhp,383035409012.91705,79.81765486991594,5.990186152080538,60,757,84.6862065491742,77.48634692579984,16379745334.411455,0.5,3.413242820887821,0
DEAL-00273,2021-09-05,mixed_use,291246881779.0767,66.75168616491378,9.209817841693567,84,792,97.05279796782567,78.45189931274858,21340116156.90758,0.5,4.891000815964913,1
DEAL-00274,2023-12-20,retail,206588733548.52917,50.0,9.475672601009798,120,678,86.57199996142332,81.86813558519322,24953819041.962135,0.7787000548858272,6.039491750913973,0
DEAL-00275,2021-09-01,retail,211066336493.80948,92.90942572590743,7.322897209513382,120,754,83.43625525669529,62.37609473657304,16129782600.712944,0.5407028697940143,7.100179324711626,1
DEAL-00276,2020-04-09,industrial,318447304342.8729,56.10427533236404,4.317217651487108,60,718,90.15323932046287,37.35128371563826,22744432622.77849,0.5,4.00713051341402,0
DEAL-00277,2022-09-24,office,211647003935.52655,53.546012530431085,6.5882670193583515,84,825,91.83760597734285,81.12459619697162,23648451128.942314,0.625245104761928,5.9829822153370795,0
DEAL-00278,2022-11-24,industrial,184820115220.92523,80.2257043200964,9.445491819841664,48,678,78.89287887382645,76.46681446146114,8412295764.944741,0.5,3.651563315415822,0
DEAL-00279,2024-08-09,industrial,355954819107.0634,94.39752406339272,7.465697906551677,36,778,88.26173042450542,60.47062592970865,28427648053.336197,0.5,7.538876978578917,1
DEAL-00280,2023-07-30,mhp,266580924477.38693,83.84272818510519,6.001046651557633,60,737,86.0218590886213,78.32410299351005,20233040191.46003,0.5,6.363520917547086,0
DEAL-00281,2024-07-09,multifamily,1088824571828.6555,75.6390912005236,6.742837618157674,120,734,84.87276520601534,48.27115296225638,57303549959.66226,0.5,3.980795946066086,0
DEAL-00282,2024-06-23,retail,39208116593.08772,75.94754341665286,8.760930039756829,36,722,81.86370664486842,85.45360319305412,2049991154.5637488,0.5,3.9709071932935602,1
DEAL-00283,2022-12-24,multifamily,782790507855.9573,78.53415558780307,8.320100352302068,36,787,97.53006283835838,64.99563172308925,65597700718.27672,0.5,6.58114780737639,0
DEAL-00284,2022-08-07,office,885832412486.9666,77.58928589786765,7.141601851245459,36,733,84.84490456961578,57.56608580492657,92045654899.83458,0.5,8.062198371844747,0
DEAL-00285,2022-09-30,multifamily,62236860832.18549,72.81191423969376,6.949763382277968,48,643,74.04043771349372,60.67447665641669,3722335918.9379597,0.5,4.354821243825979,0
DEAL-00286,2024-10-26,retail,248516577297.78607,71.04201103951875,6.912362776434267,24,780,92.11438257580346,66.52772520999682,25116486411.63338,0.5,7.179906162924116,0
DEAL-00287,2023-10-23,retail,242865291880.2768,69.37406872100478,6.116384723252246,60,771,95.80159578138547,69.81981890050805,18157442572.11602,0.5,5.186643422958255,0
DEAL-00288,2020-07-10,multifamily,106022387246.33946,62.46035411133324,9.923063534204163,24,749,83.63187147827298,70.7242042059911,12280587266.807861,0.5,7.23479115403933,1
DEAL-00289,2023-11-02,office,175459154504.31638,67.19324923133226,7.01651929618299,24,663,85.52269848172827,63.555888340628144,18343555198.961136,0.5,7.024786365547969,0
DEAL-00290,2020-11-02,multifamily,134450883196.38376,53.07043185804615,9.325737781238244,24,671,84.80757023657301,73.00359360192219,15790819315.19285,0.5,6.23294976222366,0
DEAL-00291,2022-03-16,multifamily,1328061956265.7776,69.0166037320525,9.781974077883678,36,626,87.22677310855912,70.12418911500151,62508056672.56032,0.5,3.2484130405791256,0
DEAL-00292,2021-01-13,industrial,691043201823.3627,60.11408892849083,8.997466347221941,84,743,98.85480145751858,60.28640506638401,80719052163.61462,0.6050526307360541,7.021778475186169,0
DEAL-00293,2023-05-26,retail,904067209137.032,58.964106827842286,6.852569530922928,36,652,89.08752662102115,58.02714063368104,103540820427.28566,0.5,6.753028906495297,0
DEAL-00294,2024-04-28,multifamily,582306696730.3549,71.79894151153478,8.105595135504915,36,634,96.71674836533764,79.12548314342256,53654470247.26757,0.5,6.6156446297917535,0
DEAL-00295,2021-06-06,retail,132478214236.36116,83.920022863446,7.463706590413626,120,783,82.24934694762598,77.86489053996858,9935091563.054775,0.5273297232722308,6.293511094846467,1
DEAL-00296,2020-05-27,industrial,214872196178.23288,79.18316606002313,6.144447208904808,120,758,86.93047664335212,70.85704532741894,12704630594.134014,0.5,4.681819667501838,0
DEAL-00297,2021-06-21,multifamily,483552202499.4353,54.29499396376823,7.986538922582405,24,703,97.63211052677845,83.86293198985302,67903438154.60498,0.5,7.624444156528668,0
DEAL-00298,2023-04-25,office,122972085309.23544,60.10371863429663,5.731440313260296,36,713,83.55515681258993,40.580085157485485,15032375765.376808,0.5,7.347209581224953,0
DEAL-00299,2021-08-14,multifamily,578280110868.712,79.40771187988216,9.281519082692345,24,600,98.09709168726825,61.534080377399455,31946988538.25392,0.5,4.386865834733002,0
DEAL-00300,2021-05-15,multifamily,269724025771.21756,60.175126064616904,6.80307405405241,120,765,84.9729272720389,52.65524331498034,35730536970.5469,0.9591313379205794,7.971442515776628,0
DEAL-00301,2020-11-27,retail,242209482525.16183,67.75366850002976,7.801739483809259,84,685,87.42669987953265,100.0,22155173392.440563,0.5,6.197504151953082,0
DEAL-00302,2022-06-14,retail,577337837781.9758,75.50052099024552,7.924931807319213,60,736,100.0,80.6982973059398,47362063913.62156,0.5,6.193705429717759,0
DEAL-00303,2021-05-11,office,466412426076.5853,60.31655545136365,7.111642539443884,24,600,86.51344818267015,68.81407024512586,44350892652.527084,0.5,5.735466995371976,0
DEAL-00304,2023-08-08,industrial,244908995687.62598,71.0537550614596,8.380040702212913,84,768,91.16276642200508,81.77485868269234,20277634112.899895,0.5,5.8830099051224165,0
DEAL-00305,2020-05-17,mixed_use,826436819344.8467,56.65974505081795,6.787644515066213,60,682,94.9314913801739,86.74413495632672,117509587403.56526,0.6014375662030577,8.056348782464655,0
DEAL-00306,2023-04-10,retail,137663040801.70084,63.98632356048786,8.806945946185866,48,651,91.81206919737609,86.58447537286106,16242574234.816433,0.5,7.549612476897773,0
DEAL-00307,2021-03-03,multifamily,535075636521.6401,73.19781934142537,5.481030479629878,24,703,92.04042679111662,83.8255522765053,54954859841.906555,0.5,7.517770625459122,0
DEAL-00308,2022-05-30,industrial,525389889902.35266,54.070062664683306,7.689569369319618,24,690,89.54768204814613,66.06189515076908,60991083497.73917,0.5,6.276846528818067,0
DEAL-00309,2021-05-29,multifamily,255193600966.25583,74.40474737960399,10.408393498587428,48,773,79.58208632786942,62.479518707740716,25153341321.87021,0.5,7.333757585301595,0
DEAL-00310,2023-07-24,retail,424353165408.97107,69.80362201073319,5.999503013091638,48,698,92.78631464079807,55.56716230028972,28867469101.77781,0.5,4.748530388939142,0
DEAL-00311,2024-08-28,multifamily,120153340785.12617,75.52489954417148,6.483382544212723,24,788,84.14025234390677,77.5367090009351,10937769983.578337,0.5,6.8751644677470996,0
DEAL-00312,2024-07-08,multifamily,684631846479.6614,72.23914134064661,8.270861774488372,48,736,96.20613773922541,67.61596397006828,54681808413.829704,0.5,5.769767952046548,0
DEAL-00313,2022-11-16,mixed_use,281952303150.7544,83.64140429973844,7.769372672909397,36,764,100.0,63.72293454224206,9810496193.992186,0.5,2.910292518887516,1
DEAL-00314,2022-04-12,industrial,215181360897.90988,71.25224502647907,8.025945148910338,60,719,75.55554190866388,62.940079574082965,10934938188.913183,0.5,3.6208475117670544,0
DEAL-00315,2024-01-12,office,756624435922.2584,65.70594458874747,8.233780695221496,60,783,100.0,91.75288945952033,57640259507.23489,0.5,5.005531829866169,0
DEAL-00316,2023-05-14,retail,186081486193.26205,71.22297503032284,8.452082202842655,60,662,86.71153766506366,84.29020619262506,17302950659.45913,0.5,6.622730976523066,0
DEAL-00317,2020-11-26,multifamily,105941874605.45483,75.43298029036387,9.164549762934335,36,725,88.95240622252422,97.45590784192248,7031914750.2748785,0.5,5.006880317499046,0
DEAL-00318,2024-01-17,multifamily,94099834630.06245,70.48860070325705,8.114727985392769,48,700,82.70090037990089,77.93524449838164,6826111202.767812,0.5,5.113324893922937,0
DEAL-00319,2022-02-10,multifamily,530843679546.8179,70.40591691203882,7.138113518072187,84,789,91.50774183253021,70.85431660382348,53870762543.337776,0.5578248372560207,7.144891382812263,0
DEAL-00320,2020-12-06,retail,117368216918.49948,62.980083121932445,8.508860551804098,48,794,90.53451906541925,69.61896323882613,9629998837.804598,0.5,5.167481820825469,0
DEAL-00321,2021-05-22,industrial,1330746009829.8794,63.37099082449052,10.349822902342822,24,720,98.6153826023428,54.69547679107791,167914775535.62183,0.5,7.996210863051617,0
DEAL-00322,2021-04-26,office,61813148560.79216,55.97394728200307,7.301049380426139,120,655,84.06885378695794,51.07871512372899,8555924047.731843,0.9802884312432238,7.747685609730201,1
DEAL-00323,2022-07-23,multifamily,1270066731621.2087,87.4957674318694,6.038206042994037,60,741,100.0,77.61011532839312,87570938807.36423,0.5,6.032821980856977,0
DEAL-00324,2021-02-25,mixed_use,387018928151.49493,57.56136764608715,9.160621003930459,48,636,95.31771269047111,55.97981934275118,47940475476.74916,0.5,7.130192177487493,0
DEAL-00325,2020-08-10,industrial,302562884505.0171,63.07094802204092,7.319428254069603,84,801,90.72775181420327,73.17186630800853,33224621655.483643,0.6000852617883422,6.925860681534572,0
DEAL-00326,2020-08-10,office,211394141159.89468,62.81592734430802,4.240995680978946,24,696,88.55372508883607,86.73200024642817,18951667152.787334,0.5,5.631502086060894,0
DEAL-00327,2022-11-15,office,449874439054.0368,78.94924376944441,8.771132515725633,36,718,87.5474444229292,60.018191004536554,41554391070.748955,0.5,7.29245199445822,0
DEAL-00328,2023-08-15,retail,317206146229.2788,67.05050321707972,6.697007721069116,36,685,88.06924980474795,100.0,35544577033.665306,0.5,7.51335308308579,0
DEAL-00329,2021-08-01,multifamily,790211897071.8883,82.47742072673734,7.364200076543759,84,674,91.3472156554838,55.13957318583851,43797840363.5847,0.5,4.5713471538144,0
DEAL-00330,2020-03-03,retail,358182182617.619,63.26509375756132,7.997970495853522,24,756,88.32800031445014,84.85292134734769,35273648433.604485,0.5,6.230322957481111,0
DEAL-00331,2020-08-17,industrial,368669669018.80475,72.78994162223802,7.7857495196686,60,712,84.8757643479401,76.37134271698544,31471700879.446293,0.5,6.2137557338642475,0
DEAL-00332,2024-07-04,multifamily,244391111567.10648,61.64652946740243,8.564177725708559,48,722,91.39567435869363,87.91142874919227,28838701121.556347,0.5,7.274429201176057,0
DEAL-00333,2022-06-07,multifamily,312343370475.1472,91.45149127773388,6.846770444145235,24,669,83.3096950501969,53.25703582960465,18218466203.046055,0.5,5.3342124743259935,0
DEAL-00334,2022-03-27,multifamily,418175434040.53076,58.12401580970487,8.269658697264124,36,762,92.57973520801397,100.0,36716313293.1769,0.5,5.1033595008353565,0
DEAL-00335,2020-03-09,multifamily,83223096702.41881,73.09820710227028,7.110679983624125,84,767,88.21546371615406,67.31837374325642,7119676575.589714,0.5,6.25349949046673,0
DEAL-00336,2023-08-04,mhp,111175639696.39642,76.33776880932099,8.608215721331254,84,709,95.57384727385475,80.14971908948922,11318923813.077911,0.5339052294792066,7.77203883488036,0
DEAL-00337,2022-08-08,industrial,592452619807.3934,74.13799097451498,8.423051226019581,48,783,97.91259368556382,91.66731233419752,33570569081.881817,0.5,4.200934326885099,0
DEAL-00338,2020-12-29,retail,374784793983.5519,68.14712341122292,6.096841946933107,84,714,97.9094444827579,60.930068987571765,24543752334.6519,0.5,4.462790769994308,0
DEAL-00339,2020-07-17,multifamily,282159625577.8439,68.70179300266574,9.128973174262548,84,758,92.54484044842101,82.38589544420768,21435532963.3581,0.5,5.2192426380441175,0
DEAL-00340,2021-11-21,retail,331758327448.7851,70.4381147197911,6.696054832328928,24,638,93.47864976613477,58.42795532167761,25839288533.615536,0.5,5.4861343918776715,1
DEAL-00341,2024-02-15,retail,431697448553.3581,68.52997998371511,8.712086697421718,60,737,87.41799179105251,90.95442370686759,21113216509.49016,0.5,3.3516257963437277,0
DEAL-00342,2024-04-06,multifamily,212268478989.00452,79.6387911679491,8.05093097010201,48,706,95.42111750786678,58.59728903156899,21982256390.796883,0.5,8.247292930372721,0
DEAL-00343,2022-12-21,retail,175390663314.2939,92.10523001591352,10.257275515192685,24,727,96.32401088529379,70.57760473743639,11053250075.738905,0.5,5.804540112976332,1
DEAL-00344,2023-08-02,retail,382349775412.1604,64.42508214992166,7.1648010264422215,60,725,77.46136677180378,74.5918105151794,33115235998.30355,0.5,5.579843213730043,0
DEAL-00345,2020-07-26,office,149449927845.833,56.301970204209226,6.9760248058227035,24,726,93.02677756485811,81.76449654583924,22387389943.412037,0.5,8.433956307053126,0
DEAL-00346,2022-11-24,office,453167508284.4933,69.11717951648745,7.470870591168401,120,750,100.0,99.52714462639818,46398393375.03756,0.7197176215750162,7.076690242685718,0
DEAL-00347,2023-04-15,multifamily,83729615547.65508,95.0,7.045230325748587,24,691,87.14967764316172,63.22046515578266,4580333593.353083,0.5,5.196867183999975,0
DEAL-00348,2020-12-27,retail,744701999647.0944,61.963254320302696,8.699912852913075,84,748,85.40362419092897,87.08102161410409,75078169089.90448,0.5271544395814987,6.246911767962233,0
DEAL-00349,2024-05-03,office,477105487364.8547,86.39116805444067,5.075534087345118,60,781,86.64109231130945,99.55387672951206,32789965289.952824,0.5,5.9373943014352815,0
DEAL-00350,2020-12-16,retail,401209371895.58014,86.77700814076441,5.919476371280469,48,649,77.96099205736698,72.48600041297377,37785286771.40134,0.5,8.172526285393914,1
DEAL-00351,2021-07-18,mhp,717528318523.4067,64.46411758292005,5.89829561763121,48,680,91.00787163559129,61.74800874819563,63988660000.86433,0.5,5.74886369747461,0
DEAL-00352,2023-01-22,office,1238974355399.7046,75.68983079185276,8.925461387960365,60,683,90.23972352077801,44.04949390847062,62806772002.02271,0.5,3.836910687212685,0
DEAL-00353,2023-02-23,multifamily,735945215162.8331,86.28396623128538,10.065920058872887,84,665,91.5762146630184,98.24913651116593,27158813445.223892,0.5,3.184163839792056,0
DEAL-00354,2023-06-12,multifamily,74960420154.10136,66.20872259012513,7.343326172193793,36,696,93.32781296974241,66.33333505113454,9298330619.226768,0.5,8.212742021110031,0
DEAL-00355,2020-07-20,office,117448278610.25243,67.96419639897638,7.246767415214984,24,771,83.6160527825482,54.979622511541734,8324346398.975259,0.5,4.817077953356054,0
DEAL-00356,2024-03-09,multifamily,198304705782.559,64.18319086051356,7.605078244669772,84,792,92.18559359217635,49.62504873685356,21644100329.75799,0.590991666567205,7.005317483449964,0
DEAL-00357,2022-08-17,office,333796814550.03314,59.852432693071336,9.242817453912286,120,725,93.54558927932584,54.95178714414938,34062316307.43732,0.6643889485289407,6.107645146072578,0
DEAL-00358,2022-04-28,mixed_use,494618542561.18805,63.50722454933993,6.108970298714139,60,703,86.09286615346375,83.79557939840748,41862693549.210266,0.5,5.375017818182613,1
DEAL-00359,2024-10-31,office,182922867972.33395,57.760597332377436,7.857553474102177,24,760,93.36094398601578,85.86802791512108,17767114661.202232,0.5,5.610228874495312,0
DEAL-00360,2023-08-25,retail,379582908086.14343,70.34083468259226,8.962796444673645,48,601,90.64565301109393,79.78182807183305,45194690028.45063,0.5,8.3750668222943,0
DEAL-00361,2020-07-31,office,178636547745.5557,62.30026768941358,8.251641254909767,36,667,84.95048184445295,71.98506741030047,10975935322.914011,0.5,3.8279048570353122,0
DEAL-00362,2023-09-23,retail,200426056984.3589,72.33785911790747,7.784372424898115,120,603,92.26230957186941,51.31719115747997,15018039073.887,0.5195233314812615,5.420317153866112,0
DEAL-00363,2020-06-20,retail,106094557732.15645,54.44104353796373,9.001569138850712,48,666,87.67431405317424,59.050885811469286,14342853035.15004,0.5,7.359848641025551,0
DEAL-00364,2020-02-19,mixed_use,156189971302.50534,73.30880232214457,4.0,60,681,95.57652219211509,53.40070883978087,8682698865.39255,0.5,4.0752824873306155,1
DEAL-00365,2021-12-27,retail,110864855723.24207,78.33528961608924,8.516812979296361,24,793,88.08666895944769,78.59231508289398,11288011971.609415,0.5,7.975924211666377,1
DEAL-00366,2024-11-23,mixed_use,149749069852.68597,50.062643574285445,6.5188864753088644,60,600,79.68187534587952,54.050312817074435,21950793808.98323,0.6240267007671659,7.338374573630438,0
DEAL-00367,2020-11-10,mixed_use,759433731408.0343,73.74056569847572,4.754050654715314,24,699,92.13589588422121,59.286308334196114,65991066916.37131,0.5,6.4076935276985045,1
DEAL-00368,2023-04-25,multifamily,152954503887.2798,82.27668992473292,8.26680389928747,84,750,91.83522598265148,67.2476913550224,9751083229.667105,0.5,5.245264643588598,0
DEAL-00369,2020-11-08,multifamily,2685347120308.9487,57.90358981308795,9.560487817744438,36,740,81.35090309761871,44.95299770355479,180062498552.96228,0.5,3.882650767224064,0
DEAL-00370,2023-07-28,multifamily,485080059635.70874,86.72572386837703,7.293827228058462,84,793,96.00428892348245,70.70157146261269,39491641023.946556,0.5,7.060568841201106,0
DEAL-00371,2022-06-28,multifamily,378997090010.2445,74.19019009366045,8.929311820804408,84,728,95.58576668908383,68.39270678446695,51712701944.54578,0.7083008431833467,10.12296740172583,0
DEAL-00372,2023-05-08,multifamily,164510336464.01315,62.949881442415915,9.918417386982968,60,738,83.04015846020073,87.76313718942536,16252028448.645178,0.5,6.218838803875287,0
DEAL-00373,2020-12-31,office,572439773948.26,69.44230922342294,9.472371680376071,36,628,84.7229895915207,57.70201682449372,26881120909.671375,0.5,3.260931883902149,0
DEAL-00374,2023-09-04,multifamily,206262445875.62872,75.58326912521723,9.959946794057089,24,670,88.86393909576378,50.512067225314965,18246463756.31047,0.5,6.686274735190121,0
DEAL-00375,2024-11-27,multifamily,360419085129.04724,70.76005391412411,8.613191236607838,24,630,83.92918295169889,64.38910525613073,37133907552.52126,0.5,7.290394457101793,0
DEAL-00376,2023-04-13,industrial,2534438160795.6074,75.38755992446369,7.613150458352389,120,748,95.12317747929342,53.528630598459756,155427084156.19052,0.5,4.6232213521560945,0
DEAL-00377,2022-06-07,multifamily,302721036024.82324,60.79326406920634,5.097051282154247,48,737,91.19177559461768,70.58731887719686,25055590959.33214,0.5,5.031732110865905,0
DEAL-00378,2024-07-19,industrial,819814658960.2004,71.69360824036077,7.130906267805077,120,735,81.25154283289412,42.10097707260091,55790475753.15893,0.5,4.878932656880562,0
DEAL-00379,2020-01-29,multifamily,186255332537.40222,55.8628550309502,6.235130107025713,120,675,83.42023269720568,60.91981894934078,17347447854.31969,0.6917252566436404,5.202954199704466,0
DEAL-00380,2023-08-06,multifamily,317878373270.5136,68.88773938651299,10.75641407624672,24,671,99.50175341733122,56.0744249526667,26494988220.27804,0.5,5.741755328582931,0
DEAL-00381,2024-05-18,office,1347895999152.9846,60.960923585352106,7.236171281351495,60,730,100.0,78.51635615629104,104112075111.92935,0.5,4.708648337259745,0
DEAL-00382,2020-04-21,office,197964155562.51126,62.64470057410233,7.684807210176729,84,686,94.30983180842007,57.84152935561952,13102585909.649673,0.5,4.146243387971663,0
DEAL-00383,2022-03-21,mhp,1393562189808.0317,82.36093175210438,8.327228064060701,84,668,88.30979795879749,43.95856362102251,105946804749.32927,0.5,6.261563078512526,0
DEAL-00384,2021-01-03,industrial,575858042534.6313,80.9131012059427,7.56540366955868,84,694,86.48029670074739,66.97269854598177,40751956098.34902,0.5,5.726006940204449,0
DEAL-00385,2022-10-16,industrial,208447290789.11975,76.09138120907177,10.042576560646129,36,686,94.39759534648805,74.79829210411764,14644018867.369707,0.5,5.345637344824775,0
DEAL-00386,2023-03-15,multifamily,542173368984.8628,59.07687235327421,6.566025957398322,24,676,90.60736427407589,65.93192210108911,56209730730.52053,0.5,6.124784575082272,0
DEAL-00387,2021-06-28,multifamily,711733246717.5248,66.83591550305198,7.7919111828558645,60,658,77.11942842068498,60.83015831171338,39611338823.31473,0.5,3.7197364416623335,0
DEAL-00388,2022-04-07,industrial,537596133911.15155,82.13097699979184,6.386294121452927,36,742,98.25494386027864,59.92656849123606,41857801280.4034,0.5,6.394804384495139,0
DEAL-00389,2021-05-17,industrial,93081909432.67346,71.41716913639905,5.519966233168941,48,797,100.0,71.69422048663051,7007444925.783262,0.5,5.376467699565655,0
DEAL-00390,2021-10-26,land,182719079257.2877,93.19329539981695,6.582346363642072,60,718,95.89802026354559,56.658268761406774,12468208289.199368,0.5,6.359234202169168,0
DEAL-00391,2020-10-14,retail,268176332055.1149,73.93317839394372,7.444444804427382,120,731,81.26711044297434,65.07275542884199,23938138161.746006,0.6281927220374125,6.599473658128452,0
DEAL-00392,2024-05-13,retail,308004035371.6584,71.92049116490031,6.85604666322411,60,746,84.90538840221328,81.25669856331061,32961718021.175373,0.5,7.696726917429267,1
DEAL-00393,2020-01-19,industrial,537106987261.4966,66.908835357975,6.461368530189216,60,738,75.1382411091383,50.480153816415324,49404360589.81928,0.5,6.154431625483368,0
DEAL-00394,2024-05-07,multifamily,376839899982.89154,71.33540904782282,5.390523804492249,84,677,100.0,69.34499470389592,40148542834.01729,0.620076321615851,7.600078245081492,0
DEAL-00395,2022-10-26,mixed_use,112323616849.64369,68.47530163619456,7.375341641056957,60,805,87.14609149392777,43.16515880804493,9050037222.261139,0.5,5.517130288304864,1
DEAL-00396,2021-08-19,mhp,443109939120.5851,77.0810867668859,5.242919438953496,120,682,100.0,73.41894505014929,32127510997.998405,0.5633253236656134,5.588733729953365,0
DEAL-00397,2023-07-25,retail,532790465642.4668,79.56702316794585,8.640083945534403,120,752,100.0,55.31786183801408,39263430679.72461,0.5,5.863607740764487,0
DEAL-00398,2022-07-02,industrial,511573866432.7829,62.140105394920504,7.623659629401755,24,746,82.77258866904845,85.29387719546193,58955102797.571526,0.5,7.161187351017317,0
DEAL-00399,2022-06-17,industrial,776102196837.5292,56.68767046442222,5.3136727508026045,60,622,84.3338580847759,47.845790355319764,95102625060.185,0.5370190157571363,6.94643861553437,1
DEAL-00400,2020-07-17,multifamily,637017642654.1406,51.637946268967035,7.036186384425205,84,702,93.72952273877696,76.63118555201513,76516803962.18665,0.6624435191526084,6.202607819792691,0
DEAL-00401,2021-12-02,mixed_use,472011661291.56744,75.07991326912544,6.371765391614125,60,722,75.96366316906983,88.3169661778974,26142969337.058044,0.5,4.158396987593218,0
DEAL-00402,2021-03-09,retail,309057411958.2665,58.966333938261265,7.978761765628771,48,726,86.4939270609715,54.53965897869297,36267308009.14484,0.5,6.919588763649489,0
DEAL-00403,2020-01-29,industrial,86564593524.6077,50.0,9.510675669034717,48,735,85.69472799034617,57.07172606507591,8150736960.846892,0.5,4.707893047825543,0
DEAL-00404,2021-10-10,multifamily,460979790356.6177,73.88578604530964,4.687241295531383,84,757,100.0,55.83706533435104,28862973156.41988,0.5,4.62615390930042,0
DEAL-00405,2020-06-10,mhp,385989349746.66766,94.9299951743279,7.672539118721126,24,719,91.28814308403564,62.71205967393544,17452559816.268337,0.5,4.292272365093476,0
DEAL-00406,2021-04-07,retail,406231298360.7952,69.93929088460106,7.2598008066500395,24,737,87.72186417970244,77.76132698784198,34125441649.739548,0.5,5.875246933796947,0
DEAL-00407,2020-06-15,multifamily,117714331212.44458,78.38490774451643,8.507010114675698,120,717,84.94812213851759,61.487425991693144,11740040102.956724,0.6701254595801747,7.817586447706032,0
DEAL-00408,2020-06-30,mixed_use,137663788280.0814,70.81829358547564,7.819794942356534,120,669,97.15239677859836,53.185626621904646,8848560358.64376,0.5,4.551959183429679,1
DEAL-00409,2020-12-24,multifamily,759136733485.2902,69.01110346808858,6.372046002391771,36,721,86.02631340855673,39.718694401250644,93698304692.3904,0.5,8.51786392976113,0
DEAL-00410,2024-12-04,multifamily,316719177207.04553,79.19076482987768,7.021419096500073,84,757,89.5977362051,94.02921259768594,29454780312.556274,0.5131360985437008,7.3647153336803575,0
DEAL-00411,2020-01-04,mixed_use,563890557634.8967,67.09725455811349,6.305961214794767,60,775,84.88701182022429,95.20743445621972,31961522847.593746,0.5,3.8030969051240633,1
DEAL-00412,2023-02-23,mixed_use,334392124209.5253,72.67392314071903,9.114010707897897,84,746,77.85970294387684,78.40355559232685,24965725771.3892,0.5,5.425837226732519,1
DEAL-00413,2020-09-11,office,334776966888.84155,73.21697806196013,7.531967473007914,36,786,82.03171897837869,57.844244583625226,20299718683.99897,0.5,4.439624599513791,0
DEAL-00414,2024-07-15,office,692485066220.6375,63.31909546356951,10.351786028629512,120,740,85.98422634108245,81.2155317269747,76526961544.91937,0.686709682005445,6.997433186603574,0
DEAL-00415,2020-06-17,retail,216334072635.1453,79.92042349536523,7.409008779278069,84,763,87.89396135789097,84.23060376239599,12228968402.827248,0.5,4.517754978494386,1
DEAL-00416,2024-09-15,multifamily,353031133375.93494,68.25040243304592,6.437389849634306,84,766,88.24460859261194,66.186278028809,18457449126.501373,0.5,3.568320784415731,1
DEAL-00417,2023-01-04,multifamily,225842848563.75433,62.442548405071555,5.229428411080759,120,708,89.2886423958499,70.62052815998335,19933728960.011707,0.6861905303154006,5.511411334894367,0
DEAL-00418,2020-01-03,office,230917994672.9251,75.36509843570404,4.795290485616082,36,756,86.09049895879193,88.47652344234238,23758466543.842415,0.5,7.754091110544387,0
DEAL-00419,2024-05-28,industrial,255270030816.02524,61.015320182089624,5.123796085491765,120,672,100.0,45.39307964415387,23894076880.297894,0.731240360365639,5.71122566423617,0
DEAL-00420,2022-07-28,industrial,390476053732.181,70.28181157369129,7.900689976517225,24,737,97.58387295885586,84.97634234683261,36655721385.15327,0.5,6.597665795035022,0
DEAL-00421,2021-04-17,industrial,222886067023.61765,69.90881003355797,8.263087534844901,60,748,88.9191258624733,65.3626928296523,21220436751.800102,0.5,6.655846646320561,0
DEAL-00422,2023-10-13,multifamily,892712453517.2794,80.85895565831578,5.128213946951799,120,772,92.03406623792797,53.311325469834244,41198081422.114044,0.5,3.731586610888388,0
DEAL-00423,2024-07-25,retail,159808110521.79782,74.74698232879953,8.842557471114173,36,761,87.02329406837636,54.54540290058492,9943648828.41899,0.5,4.650938809268019,0
DEAL-00424,2022-05-20,multifamily,281508407155.4079,69.74973041254856,6.7754084224748405,48,773,67.25211766358579,57.02916798221368,24255004535.33519,0.5,6.009696280796396,0
DEAL-00425,2021-07-21,retail,229952963480.99002,78.17766299200287,7.720189517978324,24,715,90.1639441034082,51.84893919848196,15189372387.656673,0.5,5.163967524516917,1
DEAL-00426,2023-11-21,retail,1040276617886.9569,83.90207549017313,9.918330942383136,48,702,92.44491489000973,96.57083461583524,106091726311.38776,0.5,8.556681825591236,1
DEAL-00427,2023-05-12,mhp,382566865300.9034,75.57810306351863,8.845258973798298,120,706,77.09870593567818,77.36804407751502,21044825881.263397,0.5,4.157516407378664,0
DEAL-00428,2024-05-18,retail,746305668514.3572,70.10352619843381,7.097204028141252,24,733,93.99528855355682,85.96724130412852,49354936119.72551,0.5,4.636109845150725,0
DEAL-00429,2023-05-31,multifamily,99604896954.74568,56.8816376764984,6.163211661877069,60,629,87.75538657644152,78.43552437425016,11269697119.370026,0.5,6.435816389219619,0
DEAL-00430,2021-03-14,multifamily,404762243128.5244,59.348863369246274,4.272276898006043,120,786,92.7034697650773,70.9184141270526,34496906406.83987,0.6926085100380541,5.058159993325066,0
DEAL-00431,2024-08-03,industrial,666049681445.0758,66.94775295645333,6.42127002113637,60,722,87.99681082103932,71.12132985048449,16537400701.196007,0.5,1.6622511015746897,0
DEAL-00432,2020-07-07,office,349144829179.8998,63.90487797840717,7.1833046417584585,84,699,100.0,64.03731041635207,48636269944.39237,0.7645953993583628,8.902021844120725,0
DEAL-00433,2021-04-27,multifamily,766660391393.0231,68.13028697014553,6.019230709273224,48,600,91.8098305646727,65.26326435339745,49383635621.73769,0.5,4.388541920660269,0
DEAL-00434,2022-07-25,multifamily,216118932146.72754,70.56649924897107,7.303114549361543,24,718,98.01933166937606,48.87844939280663,20952476217.87356,0.5,6.841339084022708,0
DEAL-00435,2022-10-15,industrial,1009426452951.6357,75.2969275435673,7.615277824438152,60,710,98.67780913739956,86.22739226560395,55231329447.12773,0.5,4.119913243163768,0
DEAL-00436,2020-01-28,multifamily,2056535658474.173,69.29501221940909,7.162716027287882,36,675,81.04355419129271,42.80150070995432,139648158641.18463,0.5,4.705447639375516,0
DEAL-00437,2023-11-06,industrial,244542417279.09866,74.86501643826202,6.52499612876481,60,686,84.08786503983082,54.12084114206201,11646835943.15511,0.5,3.5656004959781424,0
DEAL-00438,2021-10-12,industrial,228893678772.2212,70.6447441481012,7.7529820079500915,36,718,93.61288546181005,100.0,15838125822.719662,0.5,4.88820989960538,0
DEAL-00439,2022-01-01,multifamily,1045622007401.3674,50.24533433646128,8.162910974354114,120,690,87.07570172993462,72.0425932459724,104750406042.17336,0.6832248128987815,5.033577273827175,0
DEAL-00440,2023-12-27,multifamily,1156689523013.9937,60.606646061812455,5.864401383835731,24,748,88.09114584594964,72.66565667545298,110716094338.83182,0.5,5.801151483982654,0
DEAL-00441,2021-11-13,land,215157777171.18,68.55912444278384,9.616398569619406,60,682,100.0,79.56007821651593,17075845798.623922,0.5,5.441146736435326,1
DEAL-00442,2020-03-26,retail,233576623274.36978,57.90305257158892,7.352117801573607,60,727,87.51706897446344,46.894937603179066,15481079139.826828,0.5,3.837720259554257,0
DEAL-00443,2020-11-13,retail,260924721131.15317,75.99928729996205,7.528274434417272,24,779,82.24856521401134,49.093099502949656,17901492898.218945,0.5,5.214150257484109,1
DEAL-00444,2024-09-16,industrial,111508321365.52965,85.30750832343698,8.562321634884835,60,718,83.32959998691524,63.3265848017673,10679957037.474318,0.5,8.17051600016221,0
DEAL-00445,2020-05-06,mixed_use,156763464043.1613,82.18761851697317,7.849824196895252,36,737,100.0,56.44958563678465,15244941538.872097,0.5,7.9925858181177185,1
DEAL-00446,2021-09-30,land,146400646078.52646,67.86557129069791,8.929704950869867,60,734,88.5742441569181,68.87566052485899,14417814084.906212,0.5,6.683530543372035,1
DEAL-00447,2022-06-24,industrial,176871163188.2853,84.90726136849952,7.930686247802736,48,720,79.08601795825672,77.28323942953205,14570622839.673977,0.5,6.994648870110259,0
DEAL-00448,2022-06-06,retail,317955589737.6247,71.48667457202112,6.5813439380393435,120,716,75.84433123746724,90.83744571805894,40435630127.58592,0.9299408218771443,9.091234201703019,0
DEAL-00449,2020-01-08,multifamily,394268210122.2912,66.62914028881961,8.042255287809152,84,691,85.00290685860709,82.16632509684386,40574535967.87805,0.5494820063610989,6.856871489382746,0
DEAL-00450,2022-06-21,industrial,1130098439230.1074,63.8659733645906,5.7844106890190075,36,727,88.42782304458093,55.08584932466569,123267323029.441,0.5,6.966284790806326,0
DEAL-00451,2021-11-21,office,147079961612.0828,66.97530313511872,7.662839558664785,48,705,97.59338965142138,64.3755388307831,8022383287.448185,0.5,3.6531254608296857,0
DEAL-00452,2024-10-15,retail,718465398797.1763,66.11823181458772,7.450155014033308,120,797,96.81876133169413,60.29582243125578,47062851917.58092,0.5,4.331054158142791,0
DEAL-00453,2020-10-13,mixed_use,275467196528.98724,71.70416222375488,7.187824714091191,24,760,89.94922863141731,54.75158681481476,22861929675.5955,0.5,5.950964524498195,1
DEAL-00454,2021-09-29,multifamily,314218517759.3879,71.60573981049865,7.307193732841604,36,647,86.36665131072328,51.337373309832515,21014253352.172585,0.5,4.788836662388629,1
DEAL-00455,2022-01-25,retail,560884623273.4668,70.03046020153414,4.6772264317535415,84,650,92.71681482737353,94.96468581586811,36065750097.36744,0.5,4.503067069465242,0
DEAL-00456,2021-12-04,multifamily,133150758759.30591,74.3693816974635,6.676912638388558,120,713,76.01003139090889,70.15963364848974,8372456521.416312,0.5,4.676311427651627,0
DEAL-00457,2023-04-13,retail,443894723450.2424,81.90646274786342,7.6392673517116725,84,700,100.0,66.63654690092878,20944563327.048214,0.5,3.864644036728308,0
DEAL-00458,2021-01-22,multifamily,373463917915.9623,79.49554135441323,7.739784587996101,24,710,95.23284476685289,77.26386349891453,22610742071.14406,0.5,4.812923270876922,0
DEAL-00459,2021-02-01,multifamily,484743865579.71246,55.151020315500965,5.958487288611063,24,752,96.93592175782618,78.0061915561236,57211491824.79922,0.5,6.509153332216348,0
DEAL-00460,2023-08-05,multifamily,411988132016.76117,50.0,9.398561761297051,36,735,81.40677294498711,86.78238480559632,71640500011.09451,0.5,8.694485889727027,0
DEAL-00461,2022-06-19,office,2330643619482.8296,79.34319911239274,6.2007377276782485,60,735,100.0,58.84507579949852,211361327284.21994,0.5,7.195473274070428,0
DEAL-00462,2022-01-17,industrial,196265363828.5613,56.33121301584579,8.954185800790105,24,792,86.31986271178964,76.0408332530923,24229464296.670345,0.5,6.954233227559153,0
DEAL-00463,2020-10-31,office,213761747211.71255,67.75234598107316,8.140791542807527,120,650,82.37953501745149,56.33239035473757,11246791131.407011,0.5,3.564699923402391,1
DEAL-00464,2020-12-03,mixed_use,198571096920.60117,58.298869739406406,6.5306590352342955,60,725,89.68662103515024,67.14763084391907,21046032339.407623,0.5,6.178945057533024,0
DEAL-00465,2020-01-19,retail,209616135681.18945,51.9801956241998,10.162966338914268,48,691,89.49955931209301,70.85113850743082,23790656902.593666,0.5,5.899560145054291,0
DEAL-00466,2020-06-13,multifamily,196320774526.33347,75.41462728204787,5.7095447523652805,84,791,81.37170341990402,72.31725993578591,16754606748.138346,0.5,6.4361116454267675,0
DEAL-00467,2022-09-29,mhp,846299108198.1334,77.59155160302647,8.878731260415002,60,609,82.84050117166908,71.65481658770786,59541539357.14152,0.5,5.458968795783811,0
DEAL-00468,2024-05-24,multifamily,1018476361652.0099,64.2348959927328,9.000873477064466,84,611,82.2141457973756,82.02746473817379,134662582451.34004,0.6848123898785522,8.493115111522002,0
DEAL-00469,2021-05-31,mixed_use,207071178785.00906,50.0,6.494069686385033,60,735,82.2902794571454,61.04517413536342,25176390105.324417,0.5179035352929862,6.079163274446735,0
DEAL-00470,2021-08-12,multifamily,167968282937.3868,64.53755551747517,9.588697950096494,48,776,86.89521674320319,72.72511409355208,16202330995.011772,0.5,6.225335032405308,0
DEAL-00471,2020-07-27,mixed_use,476654577860.74475,73.91804005402547,7.1249302281015705,24,758,78.88811891062034,58.616427407193996,19708562222.060043,0.5,3.0563396627297243,1
DEAL-00472,2021-11-30,multifamily,210162531859.3752,55.21088431225871,7.9330404439197855,48,679,84.46900402068852,100.0,22230151886.47997,0.5,5.839986477083518,0
DEAL-00473,2020-03-07,mhp,542400729855.03766,71.83359919779156,7.890482758156831,24,795,98.36107638707415,56.307035233545555,58321497061.1279,0.5,7.723889025045952,0
DEAL-00474,2024-07-09,retail,384520861905.3306,69.84690150827005,7.298536887794178,24,658,96.58647561683347,59.49021018483168,37619002879.67429,0.5,6.833363412211553,0
DEAL-00475,2023-04-26,land,97228544497.67447,75.79291499601088,8.716212409739674,84,785,81.60096607285796,83.2397211551968,3549062766.550269,0.5,2.7666135903853375,1
DEAL-00476,2024-11-18,multifamily,1127393701730.2888,71.19580368414154,8.69023308082832,120,665,97.66563933835387,63.558022847482626,84329702479.13406,0.5,5.325487390280664,0
DEAL-00477,2024-05-08,office,1375210056092.6956,60.26931059118444,4.877202040142729,48,702,74.2684858469116,83.24569191551544,196183572801.21967,0.5174653116416087,8.597849201044506,0
DEAL-00478,2022-05-01,mixed_use,200222385364.20505,81.96571501664491,9.456510364317229,60,751,100.0,72.29533890588827,14104578303.609474,0.5,5.7740389195777135,1
DEAL-00479,2022-07-24,retail,239726425657.27286,68.4147042697303,5.006262017946488,48,646,100.0,63.95216100169315,22718741785.112125,0.5,6.483623974066691,0
DEAL-00480,2020-12-09,office,410900848392.0132,69.72695460490068,9.048819306512486,84,793,85.52214470287915,58.70866976312834,49669221100.04238,0.6251285627780134,8.428513930930952,0
DEAL-00481,2022-04-11,office,427188368513.72534,60.667320409268044,9.190057705241376,24,702,93.05941249388088,58.167451575446904,40615872765.513855,0.5,5.768078787679641,0
DEAL-00482,2024-06-13,retail,553629143300.0046,65.5671774880849,5.863550354677203,84,726,78.79264537512697,64.11518496230887,60680980755.39203,0.6280461404352231,7.186544789936855,0
DEAL-00483,2020-04-01,office,1632427188673.1863,61.15197285973099,6.883778568068123,36,778,90.48354231940651,67.38405522482803,176640643787.37823,0.5,6.617093815737542,0
DEAL-00484,2024-04-03,office,283752348674.5743,68.27053940076577,5.841442997271097,36,680,88.53069573998026,57.52178134864189,28835209107.251266,0.5,6.937723295265588,0
DEAL-00485,2021-09-05,mixed_use,172607776451.34515,87.11708480142343,7.177618454566897,60,773,83.32189288486083,68.36151354720182,13015013280.975714,0.5,6.568823485250205,1
DEAL-00486,2024-06-07,multifamily,108440783046.08615,56.28098857068643,7.037948573721388,84,802,86.25154010939313,53.58827060997989,9977908939.940695,0.5074176971781983,5.178555182227821,0
DEAL-00487,2024-08-20,multifamily,182165496636.11172,53.86438602123259,8.66949079840401,60,687,85.46410019352459,81.33851824894528,18019941495.53737,0.5,5.328303672865995,1
DEAL-00488,2023-04-22,mixed_use,318352114889.4012,84.71170327493608,9.465463119179413,60,788,80.94610624545892,84.21043599189947,17731062294.072334,0.5,4.718135729447512,1
DEAL-00489,2023-04-10,mhp,1373758810052.1465,67.90676322848134,9.593525716184935,36,631,83.13482203282669,59.43512214687203,71623286947.01501,0.5,3.540436321694567,0
DEAL-00490,2022-03-25,retail,216063120340.75107,63.309272613400836,6.656747960132547,60,739,78.4652445920023,58.5974041732717,26847950950.42695,0.5272486289663887,7.866794866014964,0
DEAL-00491,2024-02-12,office,390993129936.0379,80.39904687396077,7.186167189383208,36,658,96.85864612448495,72.66875210514809,29252490262.391758,0.5,6.015124450321815,0
DEAL-00492,2024-09-26,multifamily,322634889616.6191,63.94384460263136,4.9748427116685745,24,767,82.54309802834985,88.98049139547348,39311460881.51043,0.5,7.791240273786686,0
DEAL-00493,2023-10-27,multifamily,845877243457.9382,88.26009713546937,6.291194900255717,84,763,80.22383302743877,92.2999549637976,80007085584.23842,0.5344294968823062,8.348059011876973,0
DEAL-00494,2023-01-24,retail,2468104111561.1597,76.7792587133927,8.947277449646187,60,823,96.73203743852798,48.95885915145599,195448416372.1485,0.5,6.080126221364316,0
DEAL-00495,2022-12-28,retail,213783668676.23032,65.12088591854297,9.923374235322347,36,791,92.95696283471464,85.09457244477287,13229215356.901434,0.5,4.029766302464063,0
DEAL-00496,2024-03-09,office,220987927650.36273,91.57308213265503,5.648476692180116,48,711,96.43600844759168,69.07669993097208,13769272791.357592,0.5,5.705717781221301,0
DEAL-00497,2022-09-01,multifamily,753695416635.8435,63.94285076996662,6.6113036112706585,60,665,97.32866579357324,69.36715449309197,58855926253.134514,0.5,4.9932845898553175,0
DEAL-00498,2023-12-17,mixed_use,564066876444.5519,77.42095372009307,7.46039136456161,120,748,100.0,77.57068548475841,22074067162.126514,0.5,3.029774311417519,1
DEAL-00499,2022-07-04,land,1432283766155.7583,72.99292580406492,7.92024173822941,24,716,88.75168186645452,62.78563794375829,102965804779.46664,0.5,5.247406642606682,1
